market,choice,shares,p,x,z1,z2,z3,z4,z5,z6
1,1,0.0099,0.000277852,-0.210972888,-6.363361128,-5.509449307,-5.371022041,-1.583636966,-1.937068883,-0.341809911
1,2,0.2085,0.000457065,-1.557577227,-5.19816104,-4.396036113,-4.265266048,-2.862345628,-3.49809446,-2.330125462
1,3,0.009,1.016838207,-0.799983823,-0.040835546,0.835758228,-0.520121744,-0.79727145,0.76823828,-0.973295549
1,4,0.0348,0.109472238,-1.338366198,-1.538905084,-1.172699692,0.189447551,-1.798173126,1.519424196,-0.264683662
1,5,0.3661,5.387785919,3.316330263,0.758554857,-0.700469866,0.723864249,-0.370939547,-1.28845587,0.080449083
1,6,0.0231,4.188118546,2.154526537,1.044639456,-0.724283428,-1.325333331,-1.520450473,-0.922601852,1.716676654
2,1,0.0078,0.000566978,0.470775629,-5.877976902,-4.017594771,-5.997333383,-1.188867455,-1.869702844,0.298796285
2,2,0.0296,0.000313199,-0.153134325,-6.248994352,-4.759954697,-5.717769668,-1.218477396,-3.643919483,-1.613446605
2,3,0.1604,0.72428414,-2.184757396,0.851500792,0.426508902,1.735359371,-0.512458478,-1.094507388,-0.576743071
2,4,0.0037,2.620611108,-0.7434705,1.749841219,2.349541848,-0.404193154,0.4232807,-0.86098282,0.153472384
2,5,0.0242,2.230356647,1.565579275,0.058035106,-1.197044482,1.103683917,-0.04278519,0.265751062,-1.586877108
2,6,0.3751,2.595815982,3.144749462,-0.181291435,-0.372406932,0.763489362,-0.856581338,0.520253651,0.125024346
3,1,0.0448,0.000570045,-0.083918204,-6.185826042,-4.484534551,-5.348625794,-4.171404577,-2.460335865,-0.186484089
3,2,0.015,0.002098029,0.394334362,-4.876271915,-2.369495888,-5.239671975,-1.830597005,-1.398015183,-1.00106464
3,3,0.0123,0.357972657,-0.478595278,-0.083951585,-0.547574793,0.127608191,-0.536977119,-1.374869588,-0.841375017
3,4,0.0048,1.159818479,-0.304705297,0.487758098,0.007126647,0.505179996,1.970953076,-1.244683067,0.828979642
3,5,0.2604,5.337926608,0.276072246,1.50256871,1.526874808,1.332092033,0.025204295,-0.386191222,-0.286079963
3,6,0.0603,2.008018338,0.884967837,1.258552391,-1.614347136,-0.736984731,1.947325984,-0.315866341,0.778691506
4,1,0.1933,0.000749996,-1.116585666,-5.60434789,-4.062989276,-5.074664492,-1.200897193,-1.203339312,0.859568675
4,2,0.0867,0.004124668,1.214325906,-4.890940088,-5.846208518,-3.726252515,-1.493801141,-1.64284712,-0.747430654
4,3,0.0058,0.73510332,-0.143262569,-0.142532927,-0.356205184,-1.118598378,-1.058017405,0.042927277,0.231918911
4,4,0.1001,6.316500806,0.206286287,1.344825603,-0.175532267,0.615464999,1.186400852,0.557978009,-1.267683547
4,5,0.0232,1.877737339,1.830954388,-0.892452849,0.409829966,0.948184672,0.883077203,-0.611542978,0.634827609
4,6,0.2882,3.053223149,2.441764215,-1.513400525,1.075820265,0.118235945,-1.610945064,1.749384168,-0.572402783
5,1,0.1713,0.005152722,0.27083318,-4.529236718,-4.670216287,-5.939001923,-0.944387071,-1.972994712,-0.319265123
5,2,0.0524,0.000531018,-0.17223481,-6.12138832,-5.163659421,-6.146851378,-1.322135012,-1.847252574,1.592326842
5,3,0.1839,3.042068941,1.803702148,0.595629037,-1.086085139,-0.269709407,-0.626731678,-0.6635189,1.761759043
5,4,0.0036,0.69398308,0.193691807,-0.800365922,0.995417017,1.838462741,-0.700039199,-0.084250763,-1.317839422
5,5,0.157,3.509982222,1.624212338,0.424615036,-0.593331531,1.251008011,-2.283275198,0.062042824,1.345312725
5,6,0.0343,1.268055825,1.632976154,-0.436648602,-0.324925236,0.76372095,-0.531333174,0.015993375,0.499311643
6,1,0.0697,0.00181369,-0.009562799,-4.894155034,-5.280128893,-5.917000904,-1.815143568,-2.17564359,0.070906451
6,2,0.073,0.004250703,0.233097911,-4.558489798,-5.48704207,-3.199028007,-0.958798662,-2.823564425,-0.762509485
6,3,0.0043,1.424487501,-0.648853098,1.547642715,-1.260044815,-1.3483816,0.387546695,0.764273765,0.36267346
6,4,0.3387,2.184819975,2.554671084,-0.213073325,-0.663006677,-1.385176469,-1.048425709,0.658103551,-0.050299255
6,5,0.0385,1.246010677,2.113979615,-0.092782622,-0.609972257,-1.346523422,0.911443569,-1.159829559,1.139986902
6,6,0.0533,1.543676606,1.992795747,-1.049007642,-0.543247981,1.43511764,-0.922913883,0.16196631,-1.246717486
7,1,0.0836,0.00035049,-1.039102919,-5.210895858,-6.574975362,-5.983875252,-1.725727129,-1.893291014,-0.630615768
7,2,0.1691,0.002808697,-0.653941929,-4.253528206,-5.757790252,-6.113288366,-1.964696336,-1.190135067,-0.767914394
7,3,0.017,0.961781849,-1.564747942,0.74691376,-0.054691871,-0.145453872,0.641852242,0.78385011,1.504630423
7,4,0.0127,0.309320288,-0.861560832,-1.215765875,0.471615108,0.989293165,1.015520763,0.394861395,1.005903868
7,5,0.0032,3.194030922,0.739625121,2.258409499,1.04238001,-0.893624076,0.756239325,-0.478767046,-0.59962259
7,6,0.3899,2.513916752,2.132109527,-0.035341716,0.566739943,-0.021729615,-0.278646833,-1.647806955,-0.880344626
8,1,0.178,0.000234026,-1.302047279,-6.186159691,-4.412930316,-5.003988066,-2.859287871,-1.831982962,-1.607807438
8,2,0.0742,0.001861641,1.302675863,-6.464316849,-4.095431983,-3.64475106,-0.76354618,-2.186300556,-1.858851638
8,3,0.0027,0.718933965,0.51158204,-0.05817255,-0.846780156,0.282352163,1.162493925,0.035037069,0.154453785
8,4,0.0109,1.572208698,-0.66610822,0.202737138,1.176345427,0.017160364,-1.028022416,1.544354387,0.102849611
8,5,9.00E-04,0.214068567,0.4747287,-0.498692867,-1.159137224,-0.454160626,-0.90489376,-0.079395835,-2.015192462
8,6,0.4286,0.564765725,3.067452598,-0.657487724,-2.845732406,-2.291880583,0.839206515,-0.492614318,-1.048493132
9,1,0.2656,0.002091158,-1.260069729,-3.670168579,-6.688523513,-5.446643212,-2.206142904,-2.624277452,-0.994871844
9,2,0.0972,0.020582047,0.191154864,-2.940452278,-4.940782465,-4.600409507,-2.217843152,-2.121613626,-0.89590848
9,3,0.0074,0.318508402,-0.690102386,-0.716788162,1.523160685,-2.646847197,-0.62498511,0.203822147,-0.399506019
9,4,0.0755,0.466682006,0.656295582,-2.162045569,-2.111238128,0.622855303,-2.538448179,0.526294014,0.668571198
9,5,0.0039,0.937914951,0.403315152,0.003675608,0.055209722,0.030444448,-0.77189046,-0.247842441,-1.58861989
9,6,0.3532,1.618693451,2.081486105,0.13572772,-0.846800038,-1.033698035,-0.140295844,-1.42481721,1.043658635
10,1,0.0335,0.003317121,0.500571293,-4.251629475,-4.978334314,-4.089186966,-1.188700236,-3.240495048,-0.080369347
10,2,0.0123,0.000555848,0.104896329,-5.95055864,-5.509436597,-4.855466802,-2.855437672,-1.645167587,0.643681189
10,3,0.0171,0.276884562,-0.086605712,-0.981877915,-0.698218477,0.420817069,-0.458866127,-1.991610681,0.981814705
10,4,0.0635,0.281992101,-0.997532954,0.232553138,-0.678453949,-1.690952905,1.232029126,-0.168857365,0.744622242
10,5,0.3718,3.25299682,2.536383971,-0.46191467,0.230108521,0.063892624,0.466650134,3.433890184,-1.236778673
10,6,0.0163,0.17911777,0.544623708,-1.536228853,-1.353735878,-1.775539053,0.337340623,0.647214169,-0.405038168
11,1,0.1201,0.003353365,-0.072412371,-4.967670841,-2.599214493,-5.286636083,-2.674857305,-3.327979068,-0.785001663
11,2,0.1761,0.000130126,-1.717880643,-6.47560042,-2.784285458,-5.565405824,-2.091017667,-2.451736444,-0.506766599
11,3,0.007,7.770577247,1.151258325,0.216419642,2.374556766,0.223962207,-0.247296576,0.802084677,-0.01406958
11,4,0.0075,0.263274659,-0.524685054,-0.44033235,1.195934648,-1.672114406,-0.656954265,-1.810056964,-0.423175096
11,5,0.0265,14.91875693,2.919325544,0.804150068,0.358705333,1.647843094,-1.893512242,1.67335112,0.586655717
11,6,0.3179,33.49800286,3.324827554,2.549972702,0.70672415,0.48369447,0.110437713,0.021581801,-0.177829611
12,1,0.0916,0.010465916,0.351376101,-4.206091305,-5.005992334,-4.849833549,-2.725010039,-0.088393651,0.10279356
12,2,0.0902,0.003173117,1.187729046,-5.184143702,-3.507274445,-6.056819858,-1.683520857,-2.650708825,-1.142596477
12,3,0.0154,0.558025198,-0.741400792,-0.124808548,1.034154538,-0.072776263,-0.387252904,-0.12980127,-0.177572878
12,4,0.0157,0.444352786,0.309983198,-1.11134428,-0.849823635,-0.541298151,-1.065893674,-0.90254412,0.75408388
12,5,0.2596,5.58265244,1.035796728,0.586625639,0.965467688,-0.351937805,2.095930519,0.239110919,-0.774970312
12,6,0.1432,1.415597402,2.729206009,-0.653300991,0.145739473,-0.131940026,0.040880234,0.266338638,0.147565268
13,1,0.2159,0.006789138,-0.48856108,-3.172976761,-4.951803692,-5.344877288,-4.287533788,-3.243495986,-1.668153636
13,2,0.0198,0.000769638,-0.016009966,-6.169598178,-5.86855935,-4.444289067,-2.584781395,-0.718847422,0.332928084
13,3,0.0016,2.040582845,0.665288379,-0.010351289,0.410874366,1.336711084,-0.273931132,-0.195043256,1.198680194
13,4,0.0308,0.827510198,-0.999197222,-0.329360484,-1.49316853,-0.049157285,0.623550587,1.542084977,0.535211164
13,5,0.1183,1.414022069,3.22408116,-1.243551771,-0.745060881,0.761537908,0.642806404,0.083750488,-0.479959356
13,6,0.3337,27.76751246,4.747485765,1.080797494,0.189549188,0.577032956,-1.418410495,0.351719236,-1.107091688
14,1,0.1879,0.001125181,-1.223605484,-4.12011221,-5.149475734,-6.357019484,-2.466986479,-1.433747086,1.115573533
14,2,0.0253,0.004656001,0.193097914,-3.779888591,-4.96367764,-5.897982221,-2.044641055,-1.316581674,0.154862672
14,3,0.0233,0.740567026,0.768664095,-0.924501635,-0.991170096,-1.118881236,-1.587545401,0.629026101,-0.965217174
14,4,0.1971,6.549935402,0.396593204,1.052174616,-0.080372147,3.52065827,-0.128997713,1.044303821,0.504027391
14,5,0.2386,1.064824979,2.748185152,-0.946666956,-1.315144717,-0.877825278,-2.201009551,0.786809258,0.432421718
14,6,0.0159,0.329410706,1.784528924,-0.566377664,-2.061592337,-0.713360018,-0.245145882,-1.90132156,0.420866752
15,1,0.0099,0.000928447,-0.054651786,-4.413414274,-4.846330157,-5.818024028,-2.576777205,-2.760575468,-0.562165055
15,2,0.0169,0.000824511,0.338238289,-5.157858837,-6.382967501,-5.204967344,-1.610546571,-2.42129198,0.015621184
15,3,0.1551,8.945084635,0.586621926,1.456871566,0.229493403,0.364616476,-0.919023373,1.345381766,0.450389118
15,4,0.0016,1.247329032,0.552724464,1.007187377,-1.095763952,-0.71551521,-0.49913611,-0.235827062,0.826524191
15,5,0.0672,1.742692184,1.807384166,-0.858746775,0.314100032,0.559187205,-0.22919398,0.887606883,0.570494209
15,6,0.1745,6.305577663,2.103204042,0.9583639,-0.455012635,0.390925178,-0.265556466,0.372361197,-1.239708461
16,1,0.0389,0.000343064,0.161233756,-6.009616772,-6.416546551,-5.851688026,-2.819454847,-4.061964338,-0.720492879
16,2,0.0233,0.001682208,-0.02537152,-4.834016861,-4.593207041,-4.980516493,-0.550766896,-1.673057282,-0.255526595
16,3,0.0027,1.108389907,-0.05079375,0.305574791,1.837496323,-0.890283263,1.426447785,-1.130290993,-0.938799985
16,4,0.0082,1.803293747,-0.15186709,0.076383486,1.15156252,-0.338353201,1.587023873,-0.324981718,-1.429962757
16,5,0.4038,4.768064449,3.574359767,-0.713443692,0.227922075,-0.845492363,-0.417977854,2.51967122,-1.449856645
16,6,0.0035,1.100127722,0.889627413,0.143057395,-0.845686012,0.990733111,0.050191223,-1.18186343,0.910023606
17,1,0.0847,7.19E-05,-0.997867255,-7.149452601,-4.158654264,-5.575024006,-3.311795206,-2.048308443,-0.013247462
17,2,0.0394,0.002278931,1.001937651,-4.644145523,-3.976370885,-4.365311449,-1.897263426,-3.124220081,-2.106489035
17,3,0.006,0.564672796,-0.897138169,0.307786959,0.259182043,0.84447412,-0.756149582,0.440574444,0.423738138
17,4,0.0067,0.220550881,0.3230721,-0.957365664,-1.25323708,1.002983757,0.642261849,-1.766117709,-0.146770727
17,5,0.0126,0.49140684,0.788575769,-0.71396505,-0.979483093,-0.565462762,0.983207973,0.455776229,0.787897981
17,6,0.3547,2.564858651,1.807457834,-0.332493732,1.009958423,-0.369071332,2.427591623,1.073398089,0.364928931
18,1,0.0077,0.000668419,0.742405073,-5.506792432,-5.341201928,-5.93347953,-1.071248284,-1.780583649,0.958234788
18,2,0.2675,0.000267457,-1.669015425,-6.41077509,-4.281253363,-5.542554301,-0.323934592,-1.263752203,-1.569272916
18,3,0.0024,1.154872225,0.952419768,-0.487157122,1.444238701,-0.173867379,1.821422964,0.382668391,-0.2497289
18,4,0.0028,0.834055302,0.849164634,-1.089917671,0.747342626,1.336788214,0.255435537,1.064547658,-0.829543471
18,5,0.4423,2.640381662,2.168133519,-1.549820595,1.431966552,0.306920954,-0.59059028,-1.621716964,0.123830795
18,6,0.002,2.101173356,1.675838278,-0.22161113,1.759209159,0.692495211,1.022844351,0.165076098,0.226780625
19,1,0.0916,0.000702985,-0.39848311,-6.486924994,-3.518333959,-3.89410782,-4.145806073,-2.244559999,1.338757177
19,2,0.0639,0.001079732,0.595737951,-5.562956923,-5.248661435,-6.017496016,-3.070629445,-2.34144648,-2.428248309
19,3,0.0237,1.369116669,-0.104962641,-0.688708418,0.503667566,0.848422487,-0.496409229,-0.069213814,-0.558005181
19,4,0.0087,1.403191775,0.263850317,-0.21634443,2.382674092,-0.504640198,0.71375863,-0.593614875,-0.372720589
19,5,0.0056,2.048802234,-0.127036408,0.750956558,1.425374617,-0.223385444,-0.657655694,0.290559647,-2.19536606
19,6,0.3475,2.069531836,2.433484773,0.004638969,-0.032996725,1.425647888,-0.742176852,-0.00581274,-2.83589495
20,1,0.0976,0.003323007,1.345236462,-5.073642995,-4.459510772,-3.81877879,-0.647371428,-1.406713015,-0.396498196
20,2,0.0372,0.002346772,0.870598484,-5.20096577,-5.174232047,-3.781214813,-2.117648528,-1.787637049,1.010475755
20,3,0.0144,1.046630762,0.350013732,-0.126193151,-0.124069886,-0.946695637,-0.655913909,1.417933455,-0.656966746
20,4,0.0017,0.57883244,0.852285616,0.634461944,-1.395208616,-0.573228997,1.549714879,0.520480583,-0.51261772
20,5,0.0112,1.158555933,-1.338824247,1.306670709,0.851794374,0.842514743,0.180752947,-0.548885476,1.403447531
20,6,0.2907,1.049624744,1.289997912,-0.1309688,0.486022361,-0.524879601,-0.680463883,-1.765380756,-1.894108234
21,1,0.0614,0.001419513,1.85770703,-4.850213493,-5.404384023,-5.57783649,-3.081271451,-2.542674578,-0.011005236
21,2,0.0602,0.001294408,-0.141577084,-5.667463551,-5.023538296,-5.250950247,-2.626438643,-1.117569733,-1.339997554
21,3,0.0019,4.675615052,2.099214386,0.888885227,1.27954746,0.099201844,-0.786867624,-0.095240417,-0.964789637
21,4,0.1849,0.133983283,-2.014913465,0.116368137,-0.686821541,0.608534299,0.960818407,-1.299245182,-2.575678119
21,5,0.3621,7.193937046,2.660402594,0.017353983,-0.24992876,0.68708683,-1.700385242,-1.209926039,-0.142135672
21,6,0.0058,3.714103129,1.98428687,0.683466244,-0.114739926,0.909191206,-0.085263734,-1.298238888,1.21650429
22,1,0.1201,0.00292645,0.394639779,-4.855970906,-3.713240538,-6.571890229,-1.676335032,-2.284562866,-2.215958318
22,2,0.013,0.001620216,-0.008328646,-4.57983837,-4.842815852,-4.605617897,-4.2196078,-2.008950693,-0.743253668
22,3,0.0037,1.677614795,-0.846577028,1.618898085,-0.311064303,-1.146157858,2.295444557,0.460004726,0.633951754
22,4,0.0057,1.589884884,0.32358647,-0.545034605,2.255121008,0.088043446,-0.71784839,0.389937132,2.003469499
22,5,0.1458,3.730142494,2.055007363,-0.352741866,-0.209425229,1.860067071,-2.270170803,1.266847165,-0.356374281
22,6,0.2121,4.468385547,1.878515235,0.021152266,0.021757186,1.369241581,0.369564892,1.652973355,-0.359807454
23,1,0.1386,0.001052452,-0.575160192,-5.122238071,-6.666651154,-4.260852994,-1.50872386,-1.758399038,-0.841615497
23,2,0.1219,0.007653131,0.226964387,-3.60361436,-6.182854223,-5.644674075,-1.384672371,-1.878955315,0.055730537
23,3,0.2349,5.858064436,0.658838389,0.647189346,-0.108258309,1.237876673,-0.048215256,1.306600024,1.256126402
23,4,0.0182,1.386548679,0.838751196,-0.617041422,0.381309992,-1.129540449,-1.62754465,0.652043927,-0.23281972
23,5,0.0055,0.745039403,0.017658883,-0.568776598,-0.448403451,1.339995171,-0.641810154,-0.415304573,0.691725143
23,6,0.1425,1.19025233,2.617564842,0.558879406,-1.702737011,-0.734934426,0.081231093,-0.369545099,-0.836660762
24,1,0.3462,0.004403726,-1.422829987,-4.669070208,-4.218369692,-5.269286004,-2.318579648,-0.109959158,-0.204361123
24,2,0.0517,0.003641282,-1.050048802,-4.110356635,-6.070611386,-4.658250782,-1.63433577,-0.634631198,-0.022726921
24,3,0.0093,0.841562544,0.41609373,-0.362156121,-1.202825266,-0.311509299,0.46428118,1.811016627,-0.175952903
24,4,0.003,0.443341262,-0.063558712,-0.981861269,0.220608361,-0.165341199,0.341258057,1.00506611,1.583847784
24,5,0.0042,0.877021871,-0.217281034,-0.323977329,2.094499988,-0.412891542,1.535311219,-1.668439629,0.878573854
24,6,0.3415,11.74454549,2.354496674,0.964142802,1.155289868,0.356141681,-1.043162544,1.410309865,-1.624886568
25,1,0.0187,0.009012142,-0.108195461,-3.218004194,-3.720997509,-5.380180948,-1.495457382,-1.361130714,1.375236669
25,2,0.2334,0.000702741,-0.791843814,-5.713840263,-5.837727169,-6.514470129,-2.823777424,-1.491989856,0.534117998
25,3,0.015,0.819090282,-0.710147684,-0.320706869,-0.796038053,1.83041738,-1.690538205,-0.956914959,-1.184836695
25,4,0.015,0.419929246,-0.35450617,-1.189997041,0.276323979,0.922862062,1.770275411,-1.545128552,0.583601675
25,5,0.1514,1.508302044,3.467959542,-0.877793396,-1.70741794,-0.766897185,-0.520059086,-0.384059208,-0.705109566
25,6,0.3169,5.056748287,3.552336874,-0.92144341,0.237831446,3.018798541,0.560603719,-0.193608035,0.680134594
26,1,0.1541,0.001420807,-1.383083089,-4.266085526,-5.644229211,-4.324609232,-2.321784366,-2.852057186,0.023669116
26,2,0.13,0.001130508,-1.587248927,-3.713465635,-6.34194386,-5.262911945,-2.664014627,-2.021819634,-0.847734337
26,3,0.0051,0.480318931,0.257814107,-0.674235912,-1.091075144,-0.157491737,-0.670225004,0.766026268,0.988477062
26,4,0.2123,8.887721432,0.947554802,1.482147502,0.585465737,0.835324912,0.74417409,1.040907681,-0.059419274
26,5,0.0172,1.500519106,0.719894144,-0.454117674,0.279581358,-0.329788121,-1.643663741,-0.009458621,0.773684912
26,6,0.1631,4.62615749,2.511211812,-0.016536709,1.293565961,0.553271578,1.541904242,0.030661248,-0.039088558
27,1,0.1998,0.00579708,1.054264653,-4.989247915,-4.72862914,-5.296503879,-2.346300712,-0.218480221,-0.061533771
27,2,0.0987,0.000373154,-0.862496404,-5.087911596,-5.586567665,-6.537986104,-2.043937694,-2.395988548,-0.648190755
27,3,0.0126,1.949215277,0.338892219,0.376929492,0.577245498,0.122496227,-0.91749777,0.353223978,0.300479911
27,4,0.0272,0.185298814,-1.050528881,-0.57927817,0.522423717,-0.068925539,0.502956648,0.358260834,-0.709540245
27,5,0.2611,2.440730546,1.369198911,0.447583991,0.549155382,-0.581723441,-0.639589363,1.171892541,-0.562170027
27,6,0.0187,1.030207667,1.028320475,-0.469728591,0.665284408,-0.105980546,-0.599927499,-0.102518328,0.824716854
28,1,0.0532,0.001107805,-0.140465073,-4.863292732,-6.037528619,-7.291276247,-3.059956174,-1.339899791,1.294429933
28,2,0.0377,0.001678685,0.272201088,-4.936976578,-6.234264508,-3.721686931,-2.477316924,-2.921129922,-2.216532787
28,3,0.0034,1.558434821,0.265713273,0.633265741,-2.073616501,0.772693871,0.13147294,-1.038475772,0.985140125
28,4,0.0102,8.45011394,1.323469246,2.496541507,-0.111565813,-0.858336623,0.885093474,-0.871183785,0.616232644
28,5,0.3015,8.662991094,2.122253159,0.696586629,1.265454894,0.145167302,1.011373961,0.832223658,-1.809819473
28,6,0.1366,1.062183086,2.381891971,-1.797678027,0.770023588,-0.979768675,-1.017267425,0.930999654,1.233775293
29,1,0.0245,0.002854168,1.122156276,-4.550666293,-4.377494584,-6.016407472,-3.395701763,-2.499729157,1.149143449
29,2,0.0844,0.001025395,1.211217038,-6.266922554,-6.424994984,-5.572201031,-1.635076845,-1.104897649,0.192695618
29,3,0.1019,0.325050528,-0.781057014,-1.276795523,-1.418223071,0.65633284,0.974377592,1.042156251,-0.818366745
29,4,0.0144,1.034669209,-0.839906587,-0.13016678,-0.019982805,1.111029383,-1.12325242,0.890608021,-0.340937716
29,5,0.3195,1.573577889,1.968814272,-0.640908113,0.58474723,-0.742586654,-0.574947841,0.137416427,1.959433961
29,6,0.0717,0.58567902,1.59333789,-1.775780707,0.483630148,0.552794398,1.659364501,-0.799715719,0.731470526
30,1,0.1349,0.003769619,0.168862148,-4.857918827,-5.798790494,-4.1415085,-3.141907813,-1.540759887,-1.415207927
30,2,0.0931,0.000216031,-1.036538788,-5.87734482,-4.617878502,-5.133649173,-2.526503014,-4.183357165,1.717898587
30,3,0.0633,0.773627481,-1.593991324,0.774704712,-1.048768004,0.778888306,-0.174944831,-0.922803178,0.171386983
30,4,0.0031,3.168381551,0.207436495,1.389143243,0.328794026,-1.050542273,-2.099872952,-0.220070486,-0.423371002
30,5,0.3074,4.898248533,1.603927268,0.96164489,-0.204038069,0.034650347,0.715091686,0.14190588,-1.363817854
30,6,0.0455,3.395532798,1.601606088,1.355837671,-0.645529793,-2.161374312,-0.056814588,0.314456332,0.450838711
31,1,0.0067,0.000450843,-0.297729309,-5.525485462,-4.385763018,-6.223767885,-1.662860436,-1.431273639,0.565591836
31,2,0.0582,0.002142288,0.268290189,-5.99442304,-3.606662321,-2.86740826,-2.450101971,-2.082546878,-0.309156396
31,3,0.0026,0.381501307,-0.060477236,-0.493526129,1.495472764,-0.565401804,0.09399336,0.102472703,-1.270507217
31,4,0.1057,0.530385163,-1.452665341,0.615140856,-0.461376143,-0.471454026,-0.830581503,-0.572004271,0.899444865
31,5,0.3267,4.58371702,3.612779527,1.107789835,-0.210233696,0.058585028,1.687004225,-0.86028985,-0.171154228
31,6,0.0758,4.390511687,2.07236967,0.459473377,-0.179038156,-1.284819413,-0.129384867,-0.476013532,-0.726486306
32,1,0.0192,0.001081323,-0.563581936,-5.593973324,-5.009214386,-4.377414757,-1.018070186,1.034413914,-2.087113193
32,2,0.0212,0.001169747,-0.291630172,-4.771951651,-4.913894113,-5.328456414,-1.810605932,-2.451565787,-0.440221056
32,3,0.1902,0.233995748,-1.870975926,-0.794909926,1.968848979,1.232897364,0.36044052,-1.01125591,0.510252269
32,4,0.0089,0.361390658,-0.698762149,-0.065907301,-0.047054685,-1.419924856,0.088329433,-0.633887912,-0.154972432
32,5,0.0068,1.4151982,0.124461803,-0.137773968,0.657409518,-0.588640642,-0.045252822,0.457530018,-0.139175625
32,6,0.3839,5.426626784,3.326316844,0.260852788,-0.010572889,0.637227278,0.357199528,-0.886030127,-0.602533926
33,1,0.0765,0.002115871,-0.219665146,-4.964702924,-4.284981299,-4.800424433,-1.819820376,-2.100144927,0.850515753
33,2,0.1822,0.020429545,1.612472446,-3.399279325,-3.522081972,-5.374505468,-1.487714693,-2.781442956,0.063779781
33,3,0.0021,2.772375293,0.996311168,0.256771707,1.367265798,0.700309632,0.175770005,-0.849785668,-1.417836964
33,4,4.00E-04,3.82844265,0.183318428,1.284909301,0.935676303,0.712122912,0.536189517,1.766083054,-0.706221508
33,5,0.0105,0.384474153,1.269281994,-1.281331095,-1.295759189,-0.778438356,0.460488773,0.427115302,0.344856184
33,6,0.3378,12.97973034,2.656007969,-0.011169554,0.426785927,1.726492353,0.317461067,1.430807005,-0.357373904
34,1,0.1454,0.005106075,-0.623615441,-3.224547994,-4.96028221,-5.977867015,-1.359516995,-1.371152528,0.723245523
34,2,0.0301,0.000574559,-0.13055907,-5.821383966,-5.927222932,-5.914255587,-0.669234091,-1.336183967,-0.847183065
34,3,0.0035,2.273620471,0.064980991,1.566245325,-0.165729578,0.588058104,0.437469906,-2.877926395,-0.101779091
34,4,0.0019,1.741791531,-0.332033672,1.402347275,-0.487418469,-0.860017637,2.238517317,-0.339796693,2.183879517
34,5,0.1025,1.073066209,1.693557144,-1.249592341,0.27012627,-0.131994779,0.426282933,0.733511182,-0.163863984
34,6,0.3204,3.011353922,1.513756293,-0.662216608,-0.548912155,0.368932353,0.905217561,2.148703904,-0.479174927
35,1,0.0148,0.001516509,-0.452198268,-3.371192929,-5.908016831,-5.390683909,-1.205306448,-5.543717546,0.316483976
35,2,0.1959,0.00053066,-1.111810555,-5.625791091,-5.528853123,-4.314501453,-2.274449031,-3.69923752,-0.583600906
35,3,0.0666,0.155947884,-1.139037791,-1.780258524,0.930593143,0.264723899,1.397418167,-0.860936814,-0.30133217
35,4,0.1036,0.142389772,0.68658129,-3.105967742,-0.605363179,-0.396102483,0.967209903,0.126809181,-0.013063509
35,5,0.3402,6.335273079,1.389547981,0.472530166,-0.077335478,1.551585291,-1.406820649,0.495814248,-0.131256003
35,6,0.0019,0.596126481,-0.747622721,0.27142348,-0.028773931,-0.385586295,-1.069723417,1.012172153,-0.372491379
36,1,0.0348,0.002349305,0.691179304,-4.865144822,-4.392546309,-5.736277483,-2.204169432,-1.607914956,1.715213952
36,2,0.0966,0.002898655,-0.434772031,-2.865326674,-6.006549633,-6.184981853,-2.234922401,-4.120574658,-1.124397631
36,3,0.0078,3.052160671,-1.797762319,1.40314129,3.168181545,2.246786818,0.127000064,-1.855284719,-0.561968043
36,4,0.0034,0.622822248,-0.452378634,0.252692292,-0.143337133,1.009936055,-0.717325619,-1.416233643,-0.439330941
36,5,0.3353,13.31298616,2.615889019,1.067703792,1.550130256,1.088998709,-0.102055076,1.317382817,-2.043609297
36,6,0.0477,1.939458198,1.456719053,-1.071933647,0.737074748,0.734706286,0.710086778,2.056621906,0.203401669
37,1,0.0582,0.000572867,-0.292757685,-6.336162573,-6.120498395,-4.663298636,-2.333415071,0.479712018,-0.819952826
37,2,0.0166,0.001897641,1.064295389,-4.313094557,-6.023507304,-4.92374727,-1.976129518,-3.280457029,-0.669923946
37,3,0.0028,1.466954131,0.441197946,-0.017074244,2.129130054,-0.032354392,0.761406524,-0.949135644,-0.63080297
37,4,0.0114,0.860898262,0.237720477,-0.582820551,0.432227941,-1.012926197,-0.526891646,0.111028076,-0.825244427
37,5,0.1938,4.041395684,2.04151799,0.508702265,-1.084486201,0.476243224,-0.508572976,0.617371899,-0.159201505
37,6,0.2345,1.817932306,3.031310201,-0.83218669,-2.465909592,1.988923178,0.489004911,0.248721679,0.37692954
38,1,0.0465,0.00037565,0.559289565,-7.65618317,-4.789345594,-3.967199225,-1.220129222,-2.483403483,0.311236201
38,2,0.1447,0.004102751,1.875188201,-4.647805954,-5.85337348,-5.480541237,-3.133174079,-0.683724423,-0.206624484
38,3,0.067,0.044041298,-0.428502855,-2.403294523,-0.872029289,-1.645511264,0.494065147,-1.494404275,-0.904359078
38,4,0.0017,1.545634193,-0.056663008,0.702325892,0.076449031,0.578777307,-0.603325555,1.35961585,-0.646913686
38,5,0.3007,1.529551565,1.413127854,-0.245596506,-1.423257543,-1.53943793,-2.177615013,0.254401804,0.555193631
38,6,0.0036,1.266851001,0.896486727,0.861776323,-0.426651172,0.425852494,-0.950454956,-1.999120738,0.703586755
39,1,0.0164,0.002575596,0.577718562,-4.816723001,-5.533812511,-4.036778574,-3.355676925,-2.037178513,0.961114035
39,2,0.0202,0.001501771,0.022311865,-4.413109589,-5.899614696,-4.933085802,-1.507456616,-2.588422581,0.099156591
39,3,0.0083,0.547761678,0.320616477,-1.702509833,-0.033722903,2.032415268,0.467372457,0.81874962,-2.053809848
39,4,0.0171,4.272684596,-0.323309722,1.643620345,-0.360024286,1.838794294,-1.515397741,0.634567232,0.97457725
39,5,0.4541,1.021133988,3.809156204,-2.193269893,-1.143786281,-0.018395531,-0.318824066,0.816210662,1.22407619
39,6,0.0193,2.721024903,1.839642597,-0.357920475,0.246166469,0.737410962,-0.72836546,1.534039781,0.630364155
40,1,0.278,0.003437038,-0.257743571,-4.608347829,-5.186255999,-4.600788521,-3.30289651,-3.731132533,0.198601686
40,2,0.0239,0.000410983,0.653269284,-6.527125132,-5.501289344,-6.650794391,-2.926707052,-1.334494586,-0.666702478
40,3,0.0059,0.225712989,-0.538327924,-0.8421823,-0.635045937,-0.46369142,-1.771042965,1.337027736,1.380048695
40,4,0.0021,2.788645292,-0.321602222,1.247469405,-1.277954458,2.563232793,-1.910685641,0.120694795,1.038723046
40,5,0.0155,3.548338347,2.847583226,-0.225863223,-0.661580113,1.160658924,0.689911147,-0.203381403,0.174730567
40,6,0.3974,4.6425456,3.592248465,-1.410104328,1.470894884,0.349015456,0.728547991,0.318971041,-0.315658075
41,1,0.0533,0.001287826,0.935851658,-5.706940458,-4.894251756,-5.887958733,-1.16036239,-1.989645822,-1.674027312
41,2,0.2606,0.000926051,-1.094277682,-5.400454841,-4.254066511,-4.436534891,-0.883847116,-3.359919872,-0.373170812
41,3,0.0123,0.875315084,-1.096212335,0.061748256,-0.415064342,2.261100956,0.374711051,-1.392778023,0.50164184
41,4,0.0141,2.402420309,-0.262362273,0.911132689,1.083058453,0.002301411,-0.712816993,-1.770985412,-0.367461677
41,5,0.3938,1.753143319,1.936318215,-0.859004786,0.151505928,-0.184985832,-0.230339762,-0.705670709,-1.198636133
41,6,8.00E-04,1.187959963,0.584472165,0.011697867,0.320767512,-0.196650301,1.690834324,1.559921962,0.231504875
42,1,0.0149,0.000218333,-0.243615554,-6.746490939,-4.710234852,-3.905307061,-2.344560013,-3.432902697,-1.489370617
42,2,0.1379,0.004005799,1.335343811,-5.457910444,-7.266154711,-4.502658291,-0.654231701,-0.213379627,1.538490646
42,3,9.00E-04,1.107008058,-0.313061141,1.666491219,-0.919193576,-0.406796798,1.676755362,-1.568746305,0.278043823
42,4,0.1075,0.425009688,-1.023116558,0.042888631,-1.696820966,0.099741583,-1.350106586,-1.527489061,1.291358875
42,5,0.2196,8.353763357,2.621805816,1.931324821,0.2524596,-0.258800291,0.934470755,-0.01301274,-0.24199954
42,6,0.1696,3.955124648,3.353292927,-0.769469275,-0.070791137,0.277826269,0.614302103,0.019661695,-0.130319463
43,1,0.0383,0.001856872,-0.529978697,-5.179812107,-4.424122158,-4.427951875,-1.116337192,-1.569258542,-0.08851297
43,2,0.2542,8.94E-05,-2.224806646,-6.450968288,-5.209903218,-6.5413513,0.209618169,-2.051607878,-0.731569906
43,3,0.0062,0.927893733,-1.557076165,0.694899873,0.703294813,-0.792335556,0.977528821,0.781380742,-0.891853439
43,4,0.008,0.381380081,-1.300661508,-0.079936792,0.447502472,-0.680475436,-0.340588123,0.067984706,0.434926949
43,5,0.3224,19.78893965,3.000065435,0.942963923,0.382349554,1.213742447,-1.401197031,-0.837796737,0.853691831
43,6,0.0821,5.445941181,2.876872334,-0.125656873,-1.013859645,-0.265054192,0.380741071,0.148034347,0.134978011
44,1,0.1053,0.001792059,-0.077225914,-5.142652756,-4.595344502,-6.122503113,-0.434354849,-2.291555175,0.593615809
44,2,0.0708,0.001411984,0.395660682,-6.289160262,-4.442491014,-4.093873857,-0.095885388,-1.56905911,0.557395248
44,3,0.0113,1.134230325,0.51210427,0.58836738,-2.829761396,0.279321087,-0.880564991,-0.820357047,-1.58521632
44,4,0.0166,3.658203695,0.324150316,2.223746779,1.22486885,-0.585604269,0.979030592,-0.964946641,0.055260209
44,5,0.0042,1.036042113,0.508573376,0.10264058,-1.141580816,-0.39075271,0.825612387,2.001833301,-0.066032187
44,6,0.3445,2.65503801,0.99793898,0.094666457,-1.906503745,-0.784352877,-0.90627263,0.560510131,0.663804864
45,1,0.0735,0.000928288,-0.590777075,-4.457313707,-5.496825845,-5.56072895,-0.298533962,-2.114604465,-0.833919933
45,2,0.0036,0.00043329,0.248431932,-6.190208676,-4.06566077,-4.565071117,-2.325409964,-1.875628354,-0.790133155
45,3,0.011,0.469546558,-0.09680058,-0.965626294,-0.783761458,0.451905283,0.315598479,0.768618178,-0.777509633
45,4,0.0101,2.169746233,0.237486935,-0.263798103,1.703408795,0.217023492,-0.911574661,0.530551716,0.3523711
45,5,0.0179,1.957520732,1.328293166,-0.648707285,1.167362624,-0.85370902,0.667788146,0.807456278,-0.133995317
45,6,0.4267,1.736055344,3.304463645,-1.430645991,-0.907781033,-0.995703276,-1.275771293,2.040298201,1.831857501
46,1,0.0756,0.000865897,-0.327424239,-5.754686133,-5.282953554,-6.385930097,-2.988550922,-0.878963861,0.345376608
46,2,0.1597,0.004937799,-0.409317333,-3.687654935,-6.053559405,-4.741117034,-2.5741967,-1.841591262,-0.99348368
46,3,0.2987,23.49259946,0.968193142,1.820201469,0.840146631,1.102368057,1.011450866,0.230505391,0.469024375
46,4,0.0016,1.102437991,-0.005736829,1.010990614,-0.371360509,-0.981065194,1.214215053,-1.075544928,-1.543121018
46,5,0.1081,4.613232534,2.520709585,-0.530691515,-0.747989272,1.608229584,0.463485049,-1.203952641,-0.401030604
46,6,0.0078,2.339537542,1.390700387,-0.086607823,-1.006138379,1.278347736,-0.583763711,-0.210083604,0.791552299
47,1,0.1081,0.001513849,1.109697898,-6.42102617,-4.519049524,-3.140719637,-2.617319986,-1.864031927,-1.544083127
47,2,0.0135,0.000479712,0.743276507,-6.283820342,-6.323663121,-4.673362125,-1.83837553,-1.532155527,0.273737134
47,3,0.043,0.587988762,-0.985018836,-0.104284462,0.519588941,0.650249813,-0.374462724,-0.392965243,-1.214408837
47,4,0.0123,2.722390401,-1.982653316,1.66491835,-0.095256616,2.237805846,-0.757986429,0.292093468,0.312477867
47,5,0.0071,1.367675135,0.640467556,0.375084976,0.165925755,-1.281626929,1.199862998,-0.196392513,0.170072899
47,6,0.3273,3.659699718,1.833371706,0.345927988,0.310236779,0.706303107,0.540873058,-0.163526289,0.773053016
48,1,0.2653,0.012280694,-0.658440611,-3.308001212,-3.043218324,-5.770505414,-1.009740185,-1.489930758,-0.311087782
48,2,0.0468,0.002064297,0.288061945,-4.986597557,-5.47173554,-5.838186732,-2.422203123,-2.105502658,0.784775696
48,3,0.0208,0.534059815,-1.002429829,-0.762465634,1.12624491,0.422698191,1.665142757,0.878591716,-1.905840404
48,4,0.0048,1.076163418,-0.531785891,-0.114387546,-0.371932847,1.958534266,0.088689426,-1.013668049,2.227531599
48,5,0.0014,1.089043091,0.399835333,0.873908355,-0.220660195,-1.851092411,0.353825313,0.056387927,2.457825485
48,6,0.4052,3.51670659,2.922845856,-0.99766941,0.443101962,0.700238391,-0.255473938,0.006989933,-0.868035008
49,1,0.0163,0.003422976,-0.161144371,-3.954568635,-4.948296272,-4.840450635,-0.477010932,-1.036637624,0.144806463
49,2,0.14,0.00123799,-0.898105529,-5.064187343,-4.000806444,-5.010460746,-1.438706876,-1.940895293,-0.446746389
49,3,0.0032,5.983559902,-1.732076598,2.448827008,-0.392297834,2.108579667,0.782329694,0.864557442,0.697884212
49,4,0.0666,0.345545546,-1.453775058,-0.053281886,-0.520223142,2.014640167,1.332628564,-1.315687677,0.219072451
49,5,0.1013,1.195452962,1.754151294,-1.401222562,0.662935524,-0.288306411,-0.386722948,0.945610016,0.654334862
49,6,0.3207,12.34789331,2.008460339,1.233349096,0.966537076,-0.171744089,-0.651177385,0.150763669,0.322531996
50,1,0.0909,0.000964223,-0.933234416,-3.106286136,-6.001729564,-5.725696296,-0.008000727,-3.999503169,-1.631940841
50,2,0.201,0.004544265,0.595875015,-4.911424421,-4.931203022,-5.318731623,-3.50005593,-1.787839612,1.006309774
50,3,0.0046,1.604452685,0.44134313,0.996914047,-0.826009193,0.545962958,0.486171769,-1.150491386,1.461323197
50,4,0.0131,3.068431376,-0.382242627,2.161724914,1.995526065,-2.806727938,-0.989010868,-0.291009814,0.580040258
50,5,0.0016,1.09731306,0.515317167,0.667981884,0.239672059,-0.675947763,0.9866017,0.874151387,0.454310153
50,6,0.287,2.518384477,1.234280028,0.792878363,0.286398841,0.079403465,1.40429976,-1.188466985,0.86146534
51,1,0.0749,0.002929061,0.154851888,-4.520824161,-6.276692779,-4.600879785,-1.973221466,-2.497978601,1.285347727
51,2,0.0204,0.00161481,0.411825164,-5.89017886,-4.020236321,-3.968295427,-1.633131566,-0.710952831,1.218901295
51,3,0.0108,0.87888877,0.768527267,-0.025649107,-1.437930176,-0.531817672,-2.093602434,0.77549587,-0.104860421
51,4,0.0658,0.468047787,-0.94475303,0.589480289,-0.935303566,-2.082437028,-1.016194665,-0.998056087,0.193747313
51,5,0.0173,3.526610105,1.71108443,0.635967253,-1.155574282,2.0037569,0.361040825,0.198581689,0.015055667
51,6,0.3437,7.301077099,1.848759437,0.670925142,-0.95003575,1.047326936,-0.474801229,0.8689308,-0.336931956
52,1,0.0481,0.001746821,0.071218731,-5.04432087,-3.185855799,-5.888563455,-2.820371492,-2.868106905,-1.686693066
52,2,0.0123,0.00021462,0.29636701,-7.380587083,-4.436791206,-4.962473854,-2.367798706,-2.400350549,-0.080619125
52,3,0.2336,5.818561268,0.645812239,1.96490192,-0.590329722,-0.111308641,-0.020284388,-0.926535427,-0.495950095
52,4,0.0022,2.588348675,0.633556347,0.864135825,-0.272482074,1.178515413,0.574165117,0.584881748,-0.701919505
52,5,0.078,0.789919432,2.083228903,-1.214962877,-0.463929669,0.643012035,-1.571822019,-0.564729944,-2.331509601
52,6,0.1508,0.469291271,2.453265775,-1.111158524,-1.372003469,-1.156325118,0.202826883,-0.877732125,0.459492909
53,1,0.0555,0.002348761,0.008801933,-4.769602622,-4.765034415,-4.593781245,-2.598515263,-2.851659088,0.408733969
53,2,0.0792,0.001938295,1.001311321,-6.024852198,-5.127201403,-4.208368051,-0.900137242,0.05624564,0.357535023
53,3,0.0793,0.342011462,-1.272711946,-0.093766651,-0.124216534,0.741202972,-0.412804618,0.58449656,-0.260036579
53,4,0.0033,1.009305821,0.398396348,0.240160603,-2.263847528,-0.140732898,0.690463455,1.684248763,-0.132734026
53,5,4.00E-04,1.675999443,0.292095343,1.248883147,0.974985145,-0.686078548,-0.397969491,0.357177139,-1.711983598
53,6,0.3521,10.89829406,2.576354754,0.75615845,-0.057868736,0.632059566,-1.643075854,0.178289021,-0.842908574
54,1,0.0862,0.002058316,0.938720941,-5.891685256,-4.995981665,-5.820337424,-1.235060585,-0.57709737,-1.119887135
54,2,0.0544,0.002710425,1.315572495,-5.692592217,-5.410018212,-2.888101853,-1.673558811,-1.789475681,0.471187696
54,3,0.0952,0.519225637,-1.379942669,0.529586324,-0.156674851,0.940622231,-0.398716317,-1.506749326,-0.312026858
54,4,7.00E-04,0.447672249,0.803789021,-0.527885728,-0.962384748,0.637200145,0.322375115,1.080609035,-0.640989443
54,5,0.3362,20.47132688,5.040536856,1.227426933,-0.266542659,-1.599202419,-0.213265455,0.762054632,-1.016315822
54,6,0.0531,2.432978447,2.851921561,-0.428843456,0.401768225,-0.343978868,1.149594717,0.164840769,0.009368873
55,1,0.0699,0.00141091,0.849190329,-5.751964447,-3.505310233,-7.076328706,-2.083193187,-2.761843275,0.575999801
55,2,0.0346,0.001048474,1.470849724,-6.061609832,-4.143644158,-6.334529496,-2.707038323,-0.967567852,1.022902339
55,3,0.0131,1.156695761,-1.092080293,1.35832965,-0.627494767,-1.49630405,0.650240867,0.410687995,-1.697555954
55,4,0.036,1.133925988,1.501255222,-0.376617088,-0.225010929,-1.272255505,-2.812411067,-2.039582414,1.243111012
55,5,0.2935,3.464854626,2.505619369,0.355219494,-0.756456252,-0.718313492,-0.94618215,-0.611684812,-0.146799851
55,6,0.0732,4.515711112,1.469487918,0.133314529,1.300728354,0.999008524,0.824038622,0.073853229,-0.74754231
56,1,0.1128,0.001564284,-0.433187348,-5.118996553,-5.03072382,-5.872025108,-2.615137244,-1.214372388,-0.902773546
56,2,0.0152,0.00294858,0.360372349,-4.699280317,-5.917989895,-2.121242925,-2.121888516,-1.525575023,-1.893791052
56,3,0.2767,5.808905888,1.591195479,0.410371589,1.643958791,-0.883453805,-0.604363194,1.198532227,-1.509775427
56,4,0.0974,0.287648697,-1.241649771,-0.37843588,-0.865259451,0.105015456,0.412010514,-0.050879536,0.621758178
56,5,0.0418,5.671858785,1.718803255,1.029586409,-1.404990829,2.840576821,1.834655831,1.755706503,-0.163482264
56,6,0.1238,0.20351139,1.699921035,-2.839093145,-0.146421712,0.133639043,-0.272028025,0.387203054,-0.862290306
57,1,0.025,0.000773029,0.433147953,-5.813242573,-6.875936189,-6.808437297,-1.819339893,-0.25813176,0.615998671
57,2,0.1577,0.007833417,-0.719029859,-2.32007326,-7.272790272,-3.85839292,-3.016662912,-2.12051249,-0.620530186
57,3,0.0214,3.542740269,-1.450875217,1.943296241,0.0061825,0.046798347,-0.672265182,2.68523376,-1.557127521
57,4,0.0072,0.964710569,0.274765114,-0.36458133,-1.243320803,1.555630908,0.336369909,-0.435520399,-1.312561388
57,5,0.4495,0.539203856,3.496482337,-1.923849369,-0.138551984,-0.69426652,0.205297545,-1.308815385,0.963093699
57,6,0.0097,0.886118411,0.653736845,-0.334558509,-0.158477166,-1.283618093,0.476338301,-0.095073977,-1.378930719
58,1,0.0409,0.000970231,0.643249251,-6.323236769,-4.246932804,-5.690427327,-1.675118183,-1.591172294,-0.769615441
58,2,0.0159,0.001643216,1.615017808,-5.14863627,-5.342532554,-4.62996273,-1.068053741,-2.275927073,-0.123922653
58,3,0.1476,4.20676364,0.978090543,1.549093005,0.073047854,-1.129407952,-1.319755795,-0.165306117,0.277145752
58,4,0.0502,0.785837887,-1.177857671,0.349888374,-0.479080216,-0.74007626,-1.416517163,0.967357456,0.680843279
58,5,0.0168,0.696595966,1.834941408,-1.355301615,1.736873209,-1.409042071,2.024056327,0.708705726,-1.453429123
58,6,0.2806,0.932593081,2.919379658,-1.535565494,0.120470122,1.103795139,-1.574541802,-0.360969063,-1.266625621
59,1,0.1068,0.002449287,-0.662099165,-4.409492665,-5.103046441,-5.139227047,-2.12687172,-0.51682422,-0.583083388
59,2,0.0081,0.001610515,0.248355029,-4.953608934,-4.154858588,-5.163904491,-1.995705832,-1.319266008,1.573003922
59,3,0.0066,0.987398412,0.398208528,0.147479755,0.25932898,-0.433565253,-1.093735786,-1.306646999,0.304753249
59,4,0.0832,0.670293476,-1.441648909,0.534631215,-1.319035784,-0.274641195,-0.180758848,0.717387859,-1.308417576
59,5,0.0048,0.480927297,-0.424105534,-0.010577282,-1.413280127,1.395695856,0.553749617,-1.523666815,1.471047117
59,6,0.3819,3.151422173,2.133115977,-0.258423679,0.722200277,-0.325438376,0.579456903,-0.089933166,0.792739936
60,1,0.1181,0.003327098,0.879544789,-5.324918369,-5.309489153,-5.486564445,-2.857938232,-0.793690771,-0.932908542
60,2,0.0294,0.001647629,0.793505284,-4.789518457,-7.072375958,-5.122245943,-1.330968043,-2.513471702,-0.856138349
60,3,0.0027,0.425432806,0.379222791,-0.097586953,-0.23673236,-0.172520947,-0.692617462,-2.165943336,-1.505032527
60,4,0.0069,0.929932488,0.281782763,-0.584987118,0.803522357,-0.285992807,-0.590429059,-0.423983084,0.000162566
60,5,0.0241,1.309901062,1.521046187,-0.082701564,-1.061387209,-1.244184352,0.599069476,-0.947795136,-0.436396985
60,6,0.3655,5.462922239,3.254878895,-0.771054025,1.853516886,2.17295341,1.698068567,0.157253445,-1.733951794
61,1,0.1243,0.000772439,0.505196455,-6.774007768,-5.123448856,-4.005035979,-2.172427483,-2.85016853,-1.041691714
61,2,0.0575,0.000910744,-0.174831804,-5.799098457,-5.882087868,-4.195169034,-1.469992429,-1.26990945,-0.586816506
61,3,0.001,2.933420081,-0.328803877,1.46956636,-0.257185064,0.171441909,-0.077786662,0.219123862,0.197122983
61,4,0.0097,1.732574824,-0.768011628,-0.817180266,1.636706096,1.121033661,0.779003039,2.037931396,1.228940279
61,5,0.279,12.46137273,1.800007914,1.69364095,0.799779586,0.865661164,-0.362132344,-0.685851593,-0.184378591
61,6,0.0699,8.103285964,2.659350527,1.420098415,-0.242847952,0.998562079,1.895646252,-0.688143402,-0.583542428
62,1,0.0756,0.002299529,0.989574725,-5.404764886,-4.813234573,-6.707049393,-2.704686836,-1.578142117,0.295844263
62,2,0.0416,0.000885125,0.408727072,-6.315455589,-5.160398624,-4.403986666,-2.623067689,-2.227549449,-1.446265029
62,3,0.0133,0.673412832,1.019921998,-1.095624587,-0.287652172,-1.373504526,1.654096332,-0.140203078,0.046073416
62,4,0.0027,2.407316331,-0.199267174,1.050628053,0.066425217,0.858292559,1.243076477,-1.009490964,-0.180989234
62,5,0.1689,3.326796949,2.774833054,-0.660855219,-1.199445241,-1.61769618,1.067163908,-1.318016502,-0.012444231
62,6,0.2519,4.878074008,3.300032646,0.093397303,-1.326764028,0.317069437,-1.342009866,-0.183934201,0.095460073
63,1,0.2928,0.002860898,-1.189317303,-3.344160631,-6.498686891,-5.173544333,-1.668090436,-3.754097798,-0.956008283
63,2,0.0235,0.000987468,-0.841335685,-6.23488283,-2.661263625,-3.099633558,-3.078935335,-1.289456983,0.018724486
63,3,0.0026,0.347495763,0.094689176,-0.544911251,1.080870926,-0.51154728,0.349325883,0.162454974,-1.098884647
63,4,0.0026,0.213321537,-0.225846416,-0.686220609,0.142468899,-0.487278906,1.131921786,-1.44190531,0.533586564
63,5,0.0535,3.671539842,2.170270351,0.745099704,-0.03956235,1.08165408,-0.936285571,-2.08530146,-1.544404917
63,6,0.323,9.566968343,2.15010712,0.573559028,0.734613319,2.228564221,-0.308507095,-1.042113116,-0.055796883
64,1,0.0823,0.006587306,0.591809556,-3.870300019,-4.789618077,-5.790036816,-2.536078362,-2.00627466,1.274990096
64,2,0.0852,0.002471428,-0.21761315,-4.206075347,-6.011553095,-5.918275061,-1.398002094,-1.687072999,1.048134169
64,3,0.0025,3.141016807,-0.68506959,1.105868087,0.043553926,1.585992072,0.503468518,1.026949596,0.668127566
64,4,0.007,0.97931793,-0.096601316,-0.00563722,-0.050460545,-0.966226865,1.091104414,0.244439901,-0.901621369
64,5,0.3568,10.20282655,3.179785966,1.235207406,-0.083497235,-0.863559694,-1.68280526,-1.972888563,1.967249342
64,6,0.0074,5.63773223,1.746579681,0.774134333,-0.317546929,0.383076876,0.12675991,-0.234062284,0.538697079
65,1,0.2303,0.002846564,2.326310283,-6.676328056,-3.721500823,-4.9021186,-1.918295129,-2.053203915,-0.374594299
65,2,0.0113,0.001027556,1.134337983,-6.233210586,-4.807424336,-5.841315123,-1.197768415,-1.101109835,-0.02083363
65,3,0.001,0.599617109,0.449850272,-0.120570102,-0.187286908,0.181232684,0.730284705,-0.415305613,-0.632501792
65,4,5.00E-04,0.695787792,0.063155581,0.484270709,1.303375052,-0.552561384,-1.057566394,1.105743876,0.19811071
65,5,0.0291,0.987350285,2.596726655,-0.772576173,-0.604570494,0.052545971,-0.162525905,-1.018069642,-1.460413933
65,6,0.2891,7.303747124,1.855984015,0.520037004,0.639624503,0.739591655,0.041943146,0.368963171,-0.100098148
66,1,0.0614,0.002545013,-0.226558592,-4.780630893,-3.945148478,-3.471389844,-2.60867499,-2.9665673,0.999094435
66,2,0.0723,0.001444399,0.764482322,-5.745690698,-5.552284863,-4.104877213,-1.141807503,-2.732214198,0.894174409
66,3,0.0269,0.480224301,-0.750332644,-1.694226202,-0.12987177,1.19332004,1.000951144,4.173451953,0.484281028
66,4,0.0268,5.605888418,0.258562212,0.684713468,0.687107341,0.394632689,-0.077624713,2.109744628,0.314533871
66,5,0.005,4.727795207,-0.114417932,1.46432948,0.741884935,-0.141513098,-0.068787078,0.148643343,0.945642666
66,6,0.3461,4.426699759,2.282324862,-0.402802067,1.040077013,0.855326103,0.320136714,0.64256673,-0.555369222
67,1,0.0552,0.000665164,0.529229701,-6.225801811,-6.054886263,-4.81940713,-0.046551143,-2.634546949,0.397799734
67,2,0.1388,0.000722562,-0.8308069,-4.768262309,-5.843747814,-5.228717314,-1.447858804,-2.664553088,-1.049976184
67,3,0.003,1.514236092,-0.123435636,-0.432336159,1.268612886,0.665660725,1.206533866,1.306469692,-0.147728932
67,4,0.0155,0.271799749,-0.35863973,-1.723187847,1.87237432,0.870382603,-0.138550493,-1.028515073,-0.090874976
67,5,0.0297,0.963397841,1.328244659,0.252855451,0.819484676,-1.140933075,-1.401990397,-2.118122663,-0.571929868
67,6,0.3505,6.587923208,1.689599407,0.620875337,0.599938118,0.374222353,-0.914016746,-1.310496519,0.161778785
68,1,0.0428,0.001655598,1.428320222,-5.071904776,-3.064446959,-4.299362896,-3.097316445,-3.427152461,0.034936434
68,2,0.009,0.003402159,0.346059472,-4.52781615,-4.334394019,-3.256717326,-1.373023132,-0.597195119,-0.147290172
68,3,0.0092,1.68164368,0.283423554,-0.205074844,0.584326982,1.609620327,2.34992142,-1.281051732,-0.108012428
68,4,0.1568,0.171278094,-0.839030752,-1.737931616,0.395046309,-1.285663791,1.237039449,-0.455982589,2.27991007
68,5,0.0276,2.553315121,1.803231553,0.576061321,0.054457619,0.602538733,1.043336372,-0.193653597,1.232956225
68,6,0.3268,22.72014419,2.08753512,2.494062716,-1.322681317,1.126487464,2.326982861,-0.235844231,-0.427393538
69,1,0.0752,0.000758504,0.657799943,-6.381439085,-4.864247762,-6.055435013,-1.848767844,-1.075283706,0.326234721
69,2,0.2226,0.000215293,-0.938884386,-7.157033367,-4.171900437,-6.546217082,-1.40913294,-1.643007048,0.679145932
69,3,0.0438,0.936116135,0.23619634,-0.234699883,0.031840507,-0.597403125,-1.320339732,-0.520203554,-1.031348656
69,4,0.013,0.347262732,-0.018482334,-0.819346313,-1.434603462,0.24339685,0.62860637,-0.665786979,0.842964424
69,5,0.0798,1.369929217,0.685888521,0.365792649,-0.077482265,2.687257948,-0.959969718,-1.263894409,2.066798554
69,6,0.1892,0.812448276,0.688779953,-0.961708812,0.230624897,0.610645011,1.082665096,-1.099922757,0.259874439
70,1,0.0366,0.000329655,-0.811401614,-6.085982231,-5.660444048,-4.846426645,-1.021953791,-2.223822887,-1.139702131
70,2,0.0277,0.000842869,-0.972856348,-4.723193378,-4.950218106,-5.994738856,-1.709945985,-1.523357037,0.761048968
70,3,0.1893,0.298253097,-2.102690959,0.635706671,0.436410914,-0.151190067,2.001725531,-1.694482126,-1.784695009
70,4,0.0054,0.844894749,0.842204266,-0.1385571,1.706230518,-0.880822234,-0.538155683,-0.379734675,-1.202414905
70,5,0.3548,9.528735159,2.712650909,0.751359416,0.540914141,-0.19733902,0.194523333,0.683323637,-0.430271156
70,6,0.033,0.837958912,1.625935107,0.08333727,-1.258377042,0.039837164,0.285861127,-0.414123978,0.181438441
71,1,0.0129,0.003001399,0.236557572,-3.937096148,-5.181921535,-4.674509709,-3.938292009,-2.117821269,0.817032828
71,2,0.0121,0.000415228,0.259495263,-6.494953817,-4.317998274,-5.537173431,-1.936380282,-1.412570821,-0.822101813
71,3,0.0184,2.9029633,-0.073644649,2.07027417,-0.744865521,-1.566341502,-1.662709412,-0.730610233,-0.492039936
71,4,0.0323,0.421213762,-0.621706521,-0.746181032,0.317335056,0.163942709,1.324576011,0.011721028,-0.069839702
71,5,0.3525,1.787076856,2.41683604,-0.274230601,-1.200986509,0.368614603,-1.674742402,0.092650776,-0.356244194
71,6,0.053,0.960489086,2.198978132,-0.404246871,0.3478928,-0.530639436,0.278018365,-0.874671975,0.383852234
72,1,0.3401,0.000225516,-3.853320026,-4.781147315,-6.808214088,-6.30732934,-2.577181082,-1.534253064,-1.5548073
72,2,0.0541,0.001393832,-1.268470245,-4.407876128,-6.388911205,-5.081657005,-3.101872167,-4.422595194,0.682761667
72,3,0.1875,2.161606598,1.974432246,-1.082575132,1.044802461,0.569331763,-0.090744636,0.753362709,0.506926606
72,4,0.0021,0.760585111,-0.944678313,1.133699471,0.351981067,-1.104485975,0.222808445,-2.513171816,-0.307420242
72,5,0.0149,1.144164901,1.523473557,-0.406865841,0.296844716,0.05532218,-1.166898764,0.588973684,0.172626583
72,6,0.2004,3.536988803,1.459719057,0.440632733,0.317682574,-1.612993889,1.117995441,1.779176734,-1.547937343
73,1,0.3167,0.011845689,-1.48911275,-2.407425421,-4.682028917,-5.329323851,-3.319596411,-1.324030138,-0.393662771
73,2,0.0167,0.001648521,0.853707154,-5.029613737,-4.769873995,-4.362088749,-2.92478521,-1.736167933,0.020958654
73,3,0.0045,1.198876737,-0.317218159,0.167571404,1.026660983,0.876126998,0.371773376,1.091871392,-0.613447041
73,4,0.0072,0.219615384,-0.933317859,-0.631905397,-1.467459468,-0.046656926,-0.32968808,0.397221685,-1.267773133
73,5,0.354,0.841746788,1.823464405,-0.859439955,1.340091279,-0.579074377,-1.500858414,-0.436284136,0.193719503
73,6,0.0178,0.269028293,0.94800148,-0.961686285,-0.694528619,-1.636436857,-1.250977444,-0.368099976,0.228806982
74,1,0.07,0.001304636,0.683044169,-5.459276586,-6.266287674,-5.756141666,-2.480650409,-2.451645618,-1.131559767
74,2,0.0175,0.0006292,-0.726732335,-5.268618798,-5.120263931,-5.112049902,-2.043208044,-0.826013749,0.074499175
74,3,0.1606,0.35737304,-1.820155351,-0.666166356,0.170126125,2.594510833,-1.537388835,0.859807027,0.250595832
74,4,0.0444,0.313315653,-0.567390651,-1.34294727,-1.27147614,-0.049723401,0.870578018,0.34951178,-0.480956381
74,5,0.0235,1.953795393,2.339245973,0.050903273,0.596825898,-0.180735227,0.863323667,-0.79629632,0.055262788
74,6,0.3896,1.822324313,3.521838012,0.172074018,-0.97188813,-1.015212132,-1.041440138,-1.109754005,0.885653257
75,1,0.0348,0.000237858,-0.416150344,-6.46588026,-6.345747885,-4.832330068,0.493247932,-1.063171353,0.399156575
75,2,0.0577,0.001347375,-0.166224953,-4.702100343,-5.304770943,-5.936748542,-3.809285836,-2.650644311,-0.063099667
75,3,0.0085,0.337316096,-0.218807885,-0.256256662,-1.004673551,-1.03205733,-1.730757068,-1.036935574,0.772217214
75,4,0.0057,4.09152449,-0.059107976,0.572026594,0.804352862,1.430096397,0.201537404,-0.286598733,1.648593664
75,5,0.4021,4.920229572,2.908630943,-1.08394574,1.273395249,-1.131792739,1.117004497,0.328816253,-0.326915317
75,6,0.0029,2.582268849,1.588914734,-0.142473338,0.719608216,-0.311774924,-0.379692075,1.547159312,1.112789167
76,1,0.1504,0.002598085,-0.368959801,-5.208321275,-5.047032521,-2.921154656,-3.986881619,-2.206018801,0.323728203
76,2,0.0911,0.000866108,-0.17137933,-6.566725036,-5.277908084,-4.838262775,-1.996576023,-0.225427305,-0.92925294
76,3,0.0233,1.048200663,0.763734218,-1.631775144,1.127026721,0.326501414,-0.650194334,1.089171893,0.434596847
76,4,0.2838,7.711154452,1.437512443,1.386099541,0.316269679,1.524219596,1.151490694,0.097564448,1.212276976
76,5,0.0032,0.678479052,0.311174492,-0.460021446,1.010241197,-0.476691518,0.997094894,-0.769491236,0.667244401
76,6,0.1192,1.463868019,1.785720167,-0.87522138,0.912600456,-0.609306392,1.120397717,-0.533809051,0.16709811
77,1,0.0419,0.002522418,0.51940024,-5.149902867,-4.924494294,-5.60536942,-2.082022029,-0.680224746,-0.081310087
77,2,0.2427,0.002249819,-0.935816499,-3.939009772,-6.370352173,-6.158608846,-3.337100998,-1.76327031,1.185575637
77,3,2.00E-04,3.889262606,0.002194885,1.585878838,2.349822992,0.64646355,1.786572861,0.233095897,-2.470364591
77,4,0.3102,9.178967079,1.355445616,0.684603627,0.622815756,1.000960955,-0.273440496,-1.224048263,-0.625917484
77,5,0.0612,1.070609073,1.530597428,-0.298887738,0.282390375,-2.481323337,-0.077026034,-1.600555704,0.740894124
77,6,0.0685,2.661694005,1.627775051,-0.165898536,-0.458263972,-1.132417443,0.20200614,-0.427860327,-1.270237638
78,1,0.1124,0.001830565,0.411281693,-6.431178788,-2.63869341,-5.491260405,-1.780368508,-1.872745683,1.282466392
78,2,0.0202,0.004378027,-0.061419178,-4.101021676,-4.184175608,-3.722599482,-2.062527272,-1.706552691,0.397344192
78,3,0.0159,3.634950372,0.484824401,0.500525728,0.276586536,-0.038941795,-0.963575481,-1.21776577,-0.90059959
78,4,0.0456,0.115121709,-0.607039352,-1.629658874,-0.452483891,0.185431775,0.934029397,-0.93145813,1.660038361
78,5,0.2568,9.400987458,1.166575551,1.899380414,0.0562095,2.033485737,-1.156979318,-0.286759065,0.61977357
78,6,0.1459,2.055760985,2.419414764,-0.721575462,-0.732147977,0.922126785,0.08616137,0.174000039,-1.73930124
79,1,0.0711,0.000595329,-0.195710624,-5.874208442,-4.357190155,-5.630711474,-1.241026514,-3.653038299,-1.076649554
79,2,0.1539,0.001789906,-0.073729387,-5.567593867,-4.483511124,-4.938107923,-2.005021569,-2.667595581,0.298192726
79,3,0.0014,2.641388541,-0.7599863,1.649831957,0.562171818,-1.110124907,0.07375077,0.579779635,0.339237841
79,4,0.0038,2.338874632,-1.16565865,1.72108579,-0.252717421,0.811265766,1.924518936,-0.339647404,-0.483690713
79,5,0.0111,1.908257668,0.697203745,0.75284429,0.886321158,-0.991991446,-0.576267967,-2.557904197,0.10830428
79,6,0.3434,9.691846189,2.381165537,1.274714117,0.904338588,0.88682394,-1.152718079,-1.503467488,-0.487222102
80,1,0.0644,0.001376816,-0.199109711,-4.812310651,-5.093577969,-6.85306924,-1.349389606,-1.794682065,-0.646742708
80,2,0.1517,0.005949982,1.583065799,-4.395480983,-5.803128912,-5.260845287,-0.637692634,-1.386963465,-0.111365377
80,3,0.1738,9.988644042,0.835975598,1.86160796,0.237587791,-0.183397494,1.349005896,0.111828917,1.314970167
80,4,0.0732,1.073116327,-1.389929287,0.137844879,1.567753939,-1.537164789,1.588692366,-0.124893422,0.453113434
80,5,0.1614,7.099281904,2.3399552,1.086293631,1.314662307,-1.445081886,-0.961638232,-0.490323765,0.635681907
80,6,0.0104,0.636446938,0.526217609,-0.879436308,0.056895025,0.426671946,-1.346980053,-1.447255417,-0.281217613
81,1,0.1654,0.001560596,0.382491832,-5.870112566,-6.756626443,-4.575923194,-2.511004012,-2.070394726,-0.401673061
81,2,0.0796,0.001826434,-0.592484717,-4.172591895,-5.219310846,-3.29894203,-2.696307935,-3.400643667,-1.373839167
81,3,0.0153,0.81674478,-1.47974354,0.946942591,0.139157192,1.631994091,-1.470537217,1.271135587,0.305947694
81,4,0.0047,1.431137282,0.132130242,-0.094509394,0.54119258,0.668837506,-1.257953193,0.575586458,-1.675611255
81,5,0.0333,1.540757522,1.921256125,-0.205961702,0.381934519,0.179030463,0.305267013,0.334989008,1.548011809
81,6,0.338,3.44856757,1.901327331,-0.132749163,-0.934039716,1.641170084,0.401703656,0.848419224,-1.340789178
82,1,0.2536,0.014228811,1.405838932,-4.638055831,-5.770720715,-4.17184207,-2.527363922,-0.415843898,-0.142286541
82,2,0.0074,0.003985622,1.368334769,-4.19146745,-5.021409924,-4.781539704,-2.870536555,-1.799223141,1.337340154
82,3,0.0021,1.471898115,1.185792035,-0.431902095,1.235753746,0.191883426,-0.401096846,0.271676301,0.97144156
82,4,0.0178,1.094440642,-0.621404779,-0.017686246,-0.218333414,-0.03206955,-2.229832739,-0.143032146,-0.456246947
82,5,0.3083,4.374126111,2.294576631,0.862299813,0.341314521,-1.581545324,0.717035243,-0.098703263,0.720288046
82,6,0.0062,0.460726753,0.883918918,-1.83816171,1.173398195,0.952380702,1.34358142,-0.571717102,0.677373481
83,1,0.0413,0.00088363,0.109397677,-6.064152173,-5.01106567,-5.001832483,-3.294335935,-2.329189611,0.211176971
83,2,0.2627,0.000115039,-2.554781151,-5.721349978,-5.73677285,-5.175467763,-1.232012877,-2.472973518,-0.546025317
83,3,0.1867,5.498029218,2.43734086,0.096987197,0.927661862,1.482249738,-1.146296813,-1.737563282,-0.222823363
83,4,0.0047,1.308528167,-1.198809562,0.694591881,-0.786801374,0.221370573,-0.122680464,1.297862887,1.241739393
83,5,0.0096,0.498540162,0.855719089,-0.314667913,-0.803844615,-0.357228109,0.042385592,-1.006452445,-0.33256381
83,6,0.2054,4.676158727,2.878175793,-0.06539521,0.064680476,0.043726721,-0.141140076,-0.414970559,0.938550037
84,1,0.0419,0.001147646,0.031188439,-4.582564542,-7.195915721,-5.53287123,-0.828598112,-3.072580961,0.804158454
84,2,0.0325,0.000605332,0.000280302,-5.98453718,-5.085976175,-5.724943071,-2.260168394,-1.393066083,-1.476230715
84,3,0.0234,0.313025728,-0.114193611,-0.755256534,-1.847651763,-0.976251132,-0.208215972,-0.297707713,-0.725341567
84,4,0.1484,4.224182459,0.384049659,0.763944133,1.380995347,0.576647626,0.552986369,-0.989190119,0.583210789
84,5,0.2131,2.084465102,1.764985371,0.330586885,-1.056387336,-1.107648903,-0.235174583,0.064068965,0.611043986
84,6,0.0353,1.135317425,0.92811005,-0.570920436,-0.59137205,0.642902818,0.583500189,-0.792135032,-0.233090476
85,1,0.1362,0.001534359,-0.896383809,-4.514072426,-4.256378125,-4.562842645,-1.302478754,-1.666886723,0.154103125
85,2,0.1067,0.000387567,2.468312257,-7.539669756,-4.222000727,-5.09559379,-0.882097116,-1.628701064,0.664773769
85,3,0.0073,0.454274434,1.232371386,-0.187512827,-1.096494283,-1.174353606,-0.910878347,-1.148643437,0.090651162
85,4,0.0025,0.610725173,-0.095769341,0.079660575,1.825153585,-0.841445073,0.960433835,-1.272034961,0.698650982
85,5,0.3261,2.859333497,2.47492559,0.197429115,0.479743456,-0.497904642,-0.682535861,-0.280234419,0.12720818
85,6,0.0089,2.009515407,0.170131035,-0.279246472,1.116844627,1.046048574,0.707173072,1.12760736,-0.444044922
86,1,0.2005,0.000321987,-1.134705391,-6.010645584,-5.652490526,-4.712587423,-2.30833243,-2.160590561,-0.219245197
86,2,0.0061,0.002527951,-0.147772527,-3.724153658,-3.817141403,-4.915751303,-1.856105243,-2.607795413,0.402314049
86,3,0.0188,1.444534623,0.281182684,0.047886744,-0.462887569,0.400734487,-0.989305642,-0.998995792,-0.718679587
86,4,0.0165,2.327513044,-0.164971439,0.831872997,0.540762276,1.126001359,0.717801845,-1.958288793,0.914560727
86,5,0.1395,2.14374962,0.878323822,0.481251763,0.823043829,0.322581272,-0.585201512,-1.863100736,-1.435021381
86,6,0.2706,0.56068824,1.82068564,-1.309829361,0.701365276,-1.662858375,-1.653032941,-0.415393686,-1.887843188
87,1,0.2562,0.000792496,-0.847196289,-5.224654504,-6.027375945,-5.478841734,-1.063109834,-3.63464375,0.648456562
87,2,0.0075,0.002460534,-0.09264014,-4.226848772,-3.47610436,-4.835038827,-0.731162256,-2.792154925,1.81219214
87,3,0.0046,1.894104059,-1.296055993,0.524170478,0.453913008,0.963497076,-1.280556993,1.942729175,2.17010063
87,4,0.0045,0.558005032,-0.16247907,-0.789107775,0.544416459,-0.246068488,-1.34674321,1.036916166,0.324234732
87,5,0.2587,5.943496022,1.84293601,1.540330012,1.290504805,-0.028970065,-0.382945959,-2.436350261,1.657452169
87,6,0.1833,1.66384435,2.352436833,-0.356097094,-1.626773833,-0.520132804,0.29571413,-0.975016984,-0.750196812
88,1,0.1799,0.007486623,-1.166785712,-4.128455524,-4.463628797,-3.604707481,-2.353114741,-0.035023379,0.29338144
88,2,0.0099,0.00033092,-1.071866572,-5.87400305,-5.73798793,-3.937546307,-1.852319522,-1.676068462,-0.736589508
88,3,0.1525,0.377622387,-1.639766067,-1.213107154,0.542932418,1.615077856,-0.66828618,-1.54572102,-0.510344549
88,4,0.0018,0.90181463,-0.47618086,0.298879235,-0.592015957,-1.453219897,-0.155120171,2.154554275,-0.635618565
88,5,0.0738,1.579576213,1.788992033,-0.666585771,1.504519699,-0.493356901,-1.119090439,-0.470747831,0.564131248
88,6,0.3312,27.37514572,3.589137256,1.55240452,0.67519265,-0.420861963,1.062304362,0.517561813,0.149797882
89,1,0.1082,0.003020899,0.939253899,-5.027723996,-5.586430602,-5.574961632,-0.436651558,-2.616429324,0.028182842
89,2,0.0516,0.008055018,0.911425699,-4.363157133,-4.914562418,-4.105147794,-2.48181588,-1.406253506,0.479361402
89,3,8.00E-04,2.295447592,1.212279598,0.892453646,0.106715411,-0.127010821,-2.418619731,-0.079052737,-0.696784701
89,4,0.0107,1.104697992,-0.768441997,0.369310761,-0.007361616,-0.59633051,1.294073245,0.054583301,0.47028912
89,5,0.2455,7.68219079,0.467666806,1.022537459,0.250031053,0.334120099,0.112782856,-0.215935379,-1.748403202
89,6,0.1525,2.18699222,2.312478356,-0.784630419,-0.127253018,0.289897282,0.649636684,-0.706171639,0.438754851
90,1,0.042,0.00228971,0.933298125,-5.625403206,-5.041334316,-5.618892711,-1.494043341,-1.611037104,2.108586412
90,2,0.1788,0.005451809,1.467599,-5.185172071,-6.030166758,-3.062272724,-1.705371799,-2.84964151,-0.819452459
90,3,0.0014,4.274367974,2.046381684,0.53933718,0.873752095,1.164129562,0.740454801,0.633533341,-1.268365244
90,4,0.0011,1.757916429,0.166414738,0.519334721,-0.040335597,-0.599498737,0.464889613,1.224163325,-0.014218648
90,5,0.0269,4.343517595,2.05987846,-0.329989067,0.029409413,0.256055622,0.297931354,-0.148303637,0.842213216
90,6,0.3341,14.59738978,2.441940539,0.072135734,1.883820228,2.241086608,-1.378648239,-0.957129625,1.505080613
91,1,0.099,0.003341438,0.024073497,-4.947626405,-5.759370571,-2.052151225,-0.812138185,-2.862448088,-0.23089064
91,2,0.0288,0.00329645,0.051576515,-4.007516156,-5.593139504,-4.17354487,-1.64165656,-2.65288152,-0.11856464
91,3,0.0079,0.619903595,0.45962161,-0.252716161,-1.850256179,0.129614214,0.313379856,-0.487986192,0.48062558
91,4,0.2054,1.338381528,1.644928479,-0.219467852,-1.444810059,-0.768329769,0.809882681,1.033617543,-1.789363454
91,5,0.0353,0.389889264,1.010262567,-1.70164162,-1.227987888,-0.506165467,-1.092174984,1.700609772,0.426766739
91,6,0.162,2.786619383,1.023802723,0.047795628,0.871760067,0.909429586,0.795349903,1.47788559,-0.292470721
92,1,0.0168,0.001427471,-0.57911286,-5.302409531,-4.390947039,-4.140825515,-1.343916788,-2.055631168,2.092517849
92,2,0.3143,0.000132022,-3.412723299,-5.605836915,-4.709894947,-6.504997468,-1.516932366,-2.000630318,1.087463341
92,3,0.003,0.950248484,-1.824797179,0.541116532,-0.931194732,0.372528468,1.025577371,2.457089488,0.435564369
92,4,3.00E-04,4.030656706,-0.964669794,1.477241989,1.209204104,0.98882807,0.07204232,1.938124857,-0.8524626
92,5,0.3515,9.679525459,1.538283687,0.856199762,-0.337571405,-1.095621378,0.619814664,0.079915792,-1.305165906
92,6,0.0381,0.391571496,0.679506203,-1.456761477,-0.242878577,-0.152922366,1.240185021,-0.18253965,0.083007388
93,1,0.1267,0.001513236,0.762380262,-5.647395343,-5.447671116,-5.565873099,-3.182988025,-2.389457766,-0.383850778
93,2,0.1085,0.001017931,-0.560350122,-5.417176254,-3.204204311,-6.642556006,-2.737632589,-1.362121481,1.576544545
93,3,0.0056,1.261332403,-0.054483345,1.01095335,-1.82150848,0.430378866,-0.576472214,-2.129835552,1.125358322
93,4,0.0064,3.688302062,-1.111572531,1.486421644,0.095626224,0.122760069,0.460473173,0.262714971,0.504713984
93,5,0.2034,3.43641326,1.708671339,0.457381898,-0.015915523,0.017212761,-0.327812181,1.062324609,-0.518105725
93,6,0.1327,6.080802439,-0.31364658,1.595973524,-0.640572982,-0.930106786,2.573337906,1.192935814,2.136866539
94,1,0.1358,0.00111517,1.220206598,-6.047729901,-6.435745207,-5.57602355,-1.857762261,-1.805869651,-0.264517661
94,2,0.0262,0.00119677,0.29272989,-5.555509995,-5.774061125,-6.211660279,-1.083481703,-0.408627509,1.564682606
94,3,0.0152,0.133131315,0.151820544,-1.963493333,1.026707399,-1.153036586,0.283194515,-2.068903866,-0.343595082
94,4,0.0072,2.238503853,-1.223032006,1.700045894,0.093516201,0.257055745,-0.36712463,-1.161930205,-0.100574716
94,5,0.0315,3.188922046,1.393555301,-0.033080152,-0.654545098,-0.648767658,-0.157318697,0.354019273,1.043177109
94,6,0.3169,10.00735339,2.313302984,1.499490977,-0.210295912,-0.649231167,0.178651808,1.828910855,-0.431431672
95,1,0.1503,0.001262326,-0.144531178,-6.519803337,-3.930347042,-3.82438125,-4.399489537,-3.247227593,-0.457555948
95,2,0.2196,0.000924782,-1.076031531,-4.909088117,-5.782471044,-6.112753568,-1.416421904,-2.242787481,-0.236692389
95,3,0.0271,2.547795365,-0.26196786,0.43954264,0.393682882,-0.040317416,-1.651128017,0.795320155,-0.963237319
95,4,0.0092,1.457250274,0.5798454,-0.114107194,-0.534531044,-0.055705544,-0.281879777,0.723814643,0.833883561
95,5,0.2813,1.395825106,1.78610678,-0.25402684,-0.297675262,-0.940509728,-0.922847668,-0.353886022,0.183551421
95,6,0.0811,1.782066429,1.547638016,0.311675163,-0.84720717,1.250741303,-2.027389906,-0.694147901,0.57408569
96,1,0.018,0.005762171,-0.120158249,-3.059528563,-3.543783961,-6.136088694,-2.038554506,-1.99185994,-0.185635758
96,2,0.2308,0.000434597,-0.367827478,-6.836883457,-5.906284893,-5.574766933,-2.519335692,-1.759349084,-0.078097378
96,3,0.0534,2.747216362,1.529983103,0.915661011,0.58474141,-1.412968058,0.175872482,-1.043840519,0.864060993
96,4,0.0062,1.53271751,0.335304918,0.520982837,-0.705590845,-0.416767983,0.302721893,-0.086017963,-0.067305636
96,5,0.0152,4.636012337,0.582639404,0.900616234,2.089930942,-0.671571367,0.50716745,-0.793471904,2.171874339
96,6,0.2811,6.742154283,1.742266468,1.67244161,-0.406618779,0.516406134,0.177725562,1.617587457,0.078541363
97,1,0.0123,0.003278434,0.222461854,-4.727584061,-3.708353136,-4.120354741,-1.118271348,-2.049833172,1.631164242
97,2,0.1884,0.000149265,-1.236931863,-6.81976079,-5.29774708,-4.035405182,-0.792889718,-2.980749738,-0.649160312
97,3,0.0135,1.508923931,-0.739942097,0.661749977,0.196072484,-0.398287243,2.223486569,-1.486702659,1.277380884
97,4,0.0186,0.53369549,-0.8096386,-0.629341718,-0.537324664,-0.188884777,0.57717965,0.790436463,0.674415028
97,5,0.1305,0.339913165,2.843908614,-2.157842437,-0.607716363,-0.158728312,-0.426652952,-0.453823189,-1.667872323
97,6,0.352,1.754378131,2.433587123,-1.219082026,0.332208513,0.491088514,0.888848151,-1.788165374,-0.400679949
98,1,0.0124,0.002672082,0.638933045,-4.313558842,-5.3728605,-6.242204827,-2.042986449,-0.491094026,0.989875516
98,2,0.1814,0.001674296,-1.564447856,-3.781480972,-4.547287853,-4.685423354,-1.946246699,-0.521873327,0.744578219
98,3,0.0894,3.092062463,0.326817396,1.097185909,-2.653369873,-0.655257247,-0.83537303,1.060291943,-0.261189738
98,4,0.0056,1.74098715,-0.065973283,1.12942937,0.636484635,-2.400877595,0.672202088,-0.933768164,-0.364253881
98,5,0.0819,3.973842227,0.28249791,1.296931019,0.720228686,2.059053921,0.159777323,0.582462859,0.331157933
98,6,0.2535,0.528381213,2.263789449,-0.710271819,-1.923346465,-0.765374546,-1.322475424,-0.59239923,1.105232757
99,1,0.0328,0.001765053,-0.868902692,-4.563296161,-4.765203761,-5.819809284,-2.370221813,-0.588330583,-0.538663357
99,2,0.2685,0.006037547,-1.411209338,-3.729455565,-3.764908767,-3.761984571,-0.426170347,-1.844975284,1.546843855
99,3,0.007,1.065647563,0.434155139,-0.332909938,0.874597715,0.702843685,-0.609771128,0.48507005,-0.450002265
99,4,0.1248,1.787082148,1.240694837,0.514564359,-0.272022529,0.775161741,0.858819879,0.563847641,0.081851518
99,5,0.1082,0.909980488,1.223847976,-0.569953063,0.501520528,-0.755501958,-0.875038552,-1.587429278,1.348544458
99,6,0.1721,0.360855945,2.026069654,-1.079346883,-0.932334336,-1.274450349,0.33513892,1.238793942,-1.417912408
100,1,0.0294,0.000658652,-0.054159193,-5.390311027,-5.401590167,-5.151142089,-1.032584327,-3.421143325,-1.160523868
100,2,0.09,0.0013023,-0.240857082,-5.123658598,-4.521684789,-5.94661673,-2.672066755,-2.441712751,0.872459146
100,3,8.00E-04,2.987677962,-0.17262976,1.53054546,1.190138213,-0.999596129,-1.673908966,0.313006735,1.037242393
100,4,7.00E-04,3.082019355,-0.061762649,1.688701536,-0.331868671,0.250213822,0.699356356,0.445911611,-0.737721229
100,5,0.0364,1.826103059,1.276445437,0.121505032,0.547611473,-1.490000575,-0.141559474,-0.220383049,0.643244805
100,6,0.3421,10.16811535,2.326501258,0.900583159,1.740572255,-0.720215839,-0.51938772,0.218608773,-0.085415165
