state,year,cigs,loggdppercap,retprice,pctage1524,beerpercap,cigsalespercap88,cigsalespercap80,cigsalespercap75
AL,1970,89.8,9.679,89.344,0.175,18.96,112.1,123.2,111.7
AL,1971,95.4,9.679,89.344,0.175,18.96,112.1,123.2,111.7
AL,1972,101.1,9.679,89.344,0.175,18.96,112.1,123.2,111.7
AL,1973,102.9,9.679,89.344,0.175,18.96,112.1,123.2,111.7
AL,1974,108.2,9.679,89.344,0.175,18.96,112.1,123.2,111.7
AL,1975,111.7,9.679,89.344,0.175,18.96,112.1,123.2,111.7
AL,1976,116.2,9.679,89.344,0.175,18.96,112.1,123.2,111.7
AL,1977,117.1,9.679,89.344,0.175,18.96,112.1,123.2,111.7
AL,1978,123,9.679,89.344,0.175,18.96,112.1,123.2,111.7
AL,1979,121.4,9.679,89.344,0.175,18.96,112.1,123.2,111.7
AL,1980,123.2,9.679,89.344,0.175,18.96,112.1,123.2,111.7
AL,1981,119.6,9.679,89.344,0.175,18.96,112.1,123.2,111.7
AL,1982,119.1,9.679,89.344,0.175,18.96,112.1,123.2,111.7
AL,1983,116.3,9.679,89.344,0.175,18.96,112.1,123.2,111.7
AL,1984,113,9.679,89.344,0.175,18.96,112.1,123.2,111.7
AL,1985,114.5,9.679,89.344,0.175,18.96,112.1,123.2,111.7
AL,1986,116.3,9.679,89.344,0.175,18.96,112.1,123.2,111.7
AL,1987,114,9.679,89.344,0.175,18.96,112.1,123.2,111.7
AL,1988,112.1,9.679,89.344,0.175,18.96,112.1,123.2,111.7
AL,1989,105.6,9.679,89.344,0.175,18.96,112.1,123.2,111.7
AL,1990,108.6,9.679,89.344,0.175,18.96,112.1,123.2,111.7
AL,1991,107.9,9.679,89.344,0.175,18.96,112.1,123.2,111.7
AL,1992,109.1,9.679,89.344,0.175,18.96,112.1,123.2,111.7
AL,1993,108.5,9.679,89.344,0.175,18.96,112.1,123.2,111.7
AL,1994,107.1,9.679,89.344,0.175,18.96,112.1,123.2,111.7
AL,1995,102.6,9.679,89.344,0.175,18.96,112.1,123.2,111.7
AL,1996,101.4,9.679,89.344,0.175,18.96,112.1,123.2,111.7
AL,1997,104.9,9.679,89.344,0.175,18.96,112.1,123.2,111.7
AL,1998,106.2,9.679,89.344,0.175,18.96,112.1,123.2,111.7
AL,1999,100.7,9.679,89.344,0.175,18.96,112.1,123.2,111.7
AL,2000,96.2,9.679,89.344,0.175,18.96,112.1,123.2,111.7
AR,1970,100.3,9.644,89.878,0.165,18.52,121.5,131.8,114.8
AR,1971,104.1,9.644,89.878,0.165,18.52,121.5,131.8,114.8
AR,1972,103.9,9.644,89.878,0.165,18.52,121.5,131.8,114.8
AR,1973,108,9.644,89.878,0.165,18.52,121.5,131.8,114.8
AR,1974,109.7,9.644,89.878,0.165,18.52,121.5,131.8,114.8
AR,1975,114.8,9.644,89.878,0.165,18.52,121.5,131.8,114.8
AR,1976,119.1,9.644,89.878,0.165,18.52,121.5,131.8,114.8
AR,1977,122.6,9.644,89.878,0.165,18.52,121.5,131.8,114.8
AR,1978,127.3,9.644,89.878,0.165,18.52,121.5,131.8,114.8
AR,1979,126.5,9.644,89.878,0.165,18.52,121.5,131.8,114.8
AR,1980,131.8,9.644,89.878,0.165,18.52,121.5,131.8,114.8
AR,1981,128.7,9.644,89.878,0.165,18.52,121.5,131.8,114.8
AR,1982,127.4,9.644,89.878,0.165,18.52,121.5,131.8,114.8
AR,1983,128,9.644,89.878,0.165,18.52,121.5,131.8,114.8
AR,1984,123.1,9.644,89.878,0.165,18.52,121.5,131.8,114.8
AR,1985,125.8,9.644,89.878,0.165,18.52,121.5,131.8,114.8
AR,1986,126,9.644,89.878,0.165,18.52,121.5,131.8,114.8
AR,1987,122.3,9.644,89.878,0.165,18.52,121.5,131.8,114.8
AR,1988,121.5,9.644,89.878,0.165,18.52,121.5,131.8,114.8
AR,1989,118.3,9.644,89.878,0.165,18.52,121.5,131.8,114.8
AR,1990,113.1,9.644,89.878,0.165,18.52,121.5,131.8,114.8
AR,1991,116.8,9.644,89.878,0.165,18.52,121.5,131.8,114.8
AR,1992,126,9.644,89.878,0.165,18.52,121.5,131.8,114.8
AR,1993,113.8,9.644,89.878,0.165,18.52,121.5,131.8,114.8
AR,1994,108.8,9.644,89.878,0.165,18.52,121.5,131.8,114.8
AR,1995,113,9.644,89.878,0.165,18.52,121.5,131.8,114.8
AR,1996,110.7,9.644,89.878,0.165,18.52,121.5,131.8,114.8
AR,1997,108.7,9.644,89.878,0.165,18.52,121.5,131.8,114.8
AR,1998,109.5,9.644,89.878,0.165,18.52,121.5,131.8,114.8
AR,1999,104.8,9.644,89.878,0.165,18.52,121.5,131.8,114.8
AR,2000,99.4,9.644,89.878,0.165,18.52,121.5,131.8,114.8
CA,1970,123,10.077,89.422,0.174,24.28,90.1,120.2,127.1
CA,1971,121,10.077,89.422,0.174,24.28,90.1,120.2,127.1
CA,1972,123.5,10.077,89.422,0.174,24.28,90.1,120.2,127.1
CA,1973,124.4,10.077,89.422,0.174,24.28,90.1,120.2,127.1
CA,1974,126.7,10.077,89.422,0.174,24.28,90.1,120.2,127.1
CA,1975,127.1,10.077,89.422,0.174,24.28,90.1,120.2,127.1
CA,1976,128,10.077,89.422,0.174,24.28,90.1,120.2,127.1
CA,1977,126.4,10.077,89.422,0.174,24.28,90.1,120.2,127.1
CA,1978,126.1,10.077,89.422,0.174,24.28,90.1,120.2,127.1
CA,1979,121.9,10.077,89.422,0.174,24.28,90.1,120.2,127.1
CA,1980,120.2,10.077,89.422,0.174,24.28,90.1,120.2,127.1
CA,1981,118.6,10.077,89.422,0.174,24.28,90.1,120.2,127.1
CA,1982,115.4,10.077,89.422,0.174,24.28,90.1,120.2,127.1
CA,1983,110.8,10.077,89.422,0.174,24.28,90.1,120.2,127.1
CA,1984,104.8,10.077,89.422,0.174,24.28,90.1,120.2,127.1
CA,1985,102.8,10.077,89.422,0.174,24.28,90.1,120.2,127.1
CA,1986,99.7,10.077,89.422,0.174,24.28,90.1,120.2,127.1
CA,1987,97.5,10.077,89.422,0.174,24.28,90.1,120.2,127.1
CA,1988,90.1,10.077,89.422,0.174,24.28,90.1,120.2,127.1
CA,1989,82.4,10.077,89.422,0.174,24.28,90.1,120.2,127.1
CA,1990,77.8,10.077,89.422,0.174,24.28,90.1,120.2,127.1
CA,1991,68.7,10.077,89.422,0.174,24.28,90.1,120.2,127.1
CA,1992,67.5,10.077,89.422,0.174,24.28,90.1,120.2,127.1
CA,1993,63.4,10.077,89.422,0.174,24.28,90.1,120.2,127.1
CA,1994,58.6,10.077,89.422,0.174,24.28,90.1,120.2,127.1
CA,1995,56.4,10.077,89.422,0.174,24.28,90.1,120.2,127.1
CA,1996,54.5,10.077,89.422,0.174,24.28,90.1,120.2,127.1
CA,1997,53.8,10.077,89.422,0.174,24.28,90.1,120.2,127.1
CA,1998,52.3,10.077,89.422,0.174,24.28,90.1,120.2,127.1
CA,1999,47.2,10.077,89.422,0.174,24.28,90.1,120.2,127.1
CA,2000,41.6,10.077,89.422,0.174,24.28,90.1,120.2,127.1
CO,1970,124.8,9.984,82.622,0.174,25.08,94.6,131,131
CO,1971,125.5,9.984,82.622,0.174,25.08,94.6,131,131
CO,1972,134.3,9.984,82.622,0.174,25.08,94.6,131,131
CO,1973,137.9,9.984,82.622,0.174,25.08,94.6,131,131
CO,1974,132.8,9.984,82.622,0.174,25.08,94.6,131,131
CO,1975,131,9.984,82.622,0.174,25.08,94.6,131,131
CO,1976,134.2,9.984,82.622,0.174,25.08,94.6,131,131
CO,1977,132,9.984,82.622,0.174,25.08,94.6,131,131
CO,1978,129.2,9.984,82.622,0.174,25.08,94.6,131,131
CO,1979,131.5,9.984,82.622,0.174,25.08,94.6,131,131
CO,1980,131,9.984,82.622,0.174,25.08,94.6,131,131
CO,1981,133.8,9.984,82.622,0.174,25.08,94.6,131,131
CO,1982,130.5,9.984,82.622,0.174,25.08,94.6,131,131
CO,1983,125.3,9.984,82.622,0.174,25.08,94.6,131,131
CO,1984,119.7,9.984,82.622,0.174,25.08,94.6,131,131
CO,1985,112.4,9.984,82.622,0.174,25.08,94.6,131,131
CO,1986,109.9,9.984,82.622,0.174,25.08,94.6,131,131
CO,1987,102.4,9.984,82.622,0.174,25.08,94.6,131,131
CO,1988,94.6,9.984,82.622,0.174,25.08,94.6,131,131
CO,1989,88.8,9.984,82.622,0.174,25.08,94.6,131,131
CO,1990,87.4,9.984,82.622,0.174,25.08,94.6,131,131
CO,1991,90.2,9.984,82.622,0.174,25.08,94.6,131,131
CO,1992,88.3,9.984,82.622,0.174,25.08,94.6,131,131
CO,1993,88.6,9.984,82.622,0.174,25.08,94.6,131,131
CO,1994,89.1,9.984,82.622,0.174,25.08,94.6,131,131
CO,1995,85.4,9.984,82.622,0.174,25.08,94.6,131,131
CO,1996,83.1,9.984,82.622,0.174,25.08,94.6,131,131
CO,1997,81.3,9.984,82.622,0.174,25.08,94.6,131,131
CO,1998,81.2,9.984,82.622,0.174,25.08,94.6,131,131
CO,1999,79.6,9.984,82.622,0.174,25.08,94.6,131,131
CO,2000,73,9.984,82.622,0.174,25.08,94.6,131,131
CT,1970,120,10.188,103.478,0.164,20.7,104.8,118,110.2
CT,1971,117.6,10.188,103.478,0.164,20.7,104.8,118,110.2
CT,1972,110.8,10.188,103.478,0.164,20.7,104.8,118,110.2
CT,1973,109.3,10.188,103.478,0.164,20.7,104.8,118,110.2
CT,1974,112.4,10.188,103.478,0.164,20.7,104.8,118,110.2
CT,1975,110.2,10.188,103.478,0.164,20.7,104.8,118,110.2
CT,1976,113.4,10.188,103.478,0.164,20.7,104.8,118,110.2
CT,1977,117.3,10.188,103.478,0.164,20.7,104.8,118,110.2
CT,1978,117.5,10.188,103.478,0.164,20.7,104.8,118,110.2
CT,1979,117.4,10.188,103.478,0.164,20.7,104.8,118,110.2
CT,1980,118,10.188,103.478,0.164,20.7,104.8,118,110.2
CT,1981,116.4,10.188,103.478,0.164,20.7,104.8,118,110.2
CT,1982,114.7,10.188,103.478,0.164,20.7,104.8,118,110.2
CT,1983,114.1,10.188,103.478,0.164,20.7,104.8,118,110.2
CT,1984,112.5,10.188,103.478,0.164,20.7,104.8,118,110.2
CT,1985,111,10.188,103.478,0.164,20.7,104.8,118,110.2
CT,1986,108.5,10.188,103.478,0.164,20.7,104.8,118,110.2
CT,1987,109,10.188,103.478,0.164,20.7,104.8,118,110.2
CT,1988,104.8,10.188,103.478,0.164,20.7,104.8,118,110.2
CT,1989,100.6,10.188,103.478,0.164,20.7,104.8,118,110.2
CT,1990,91.5,10.188,103.478,0.164,20.7,104.8,118,110.2
CT,1991,86.7,10.188,103.478,0.164,20.7,104.8,118,110.2
CT,1992,83.5,10.188,103.478,0.164,20.7,104.8,118,110.2
CT,1993,79.1,10.188,103.478,0.164,20.7,104.8,118,110.2
CT,1994,76.6,10.188,103.478,0.164,20.7,104.8,118,110.2
CT,1995,79.3,10.188,103.478,0.164,20.7,104.8,118,110.2
CT,1996,76,10.188,103.478,0.164,20.7,104.8,118,110.2
CT,1997,75.9,10.188,103.478,0.164,20.7,104.8,118,110.2
CT,1998,75.5,10.188,103.478,0.164,20.7,104.8,118,110.2
CT,1999,73.4,10.188,103.478,0.164,20.7,104.8,118,110.2
CT,2000,71.4,10.188,103.478,0.164,20.7,104.8,118,110.2
DE,1970,155,9.975,90.056,0.178,26.08,137.1,150.5,147.6
DE,1971,161.1,9.975,90.056,0.178,26.08,137.1,150.5,147.6
DE,1972,156.3,9.975,90.056,0.178,26.08,137.1,150.5,147.6
DE,1973,154.7,9.975,90.056,0.178,26.08,137.1,150.5,147.6
DE,1974,151.3,9.975,90.056,0.178,26.08,137.1,150.5,147.6
DE,1975,147.6,9.975,90.056,0.178,26.08,137.1,150.5,147.6
DE,1976,153,9.975,90.056,0.178,26.08,137.1,150.5,147.6
DE,1977,153.3,9.975,90.056,0.178,26.08,137.1,150.5,147.6
DE,1978,155.5,9.975,90.056,0.178,26.08,137.1,150.5,147.6
DE,1979,150.2,9.975,90.056,0.178,26.08,137.1,150.5,147.6
DE,1980,150.5,9.975,90.056,0.178,26.08,137.1,150.5,147.6
DE,1981,152.6,9.975,90.056,0.178,26.08,137.1,150.5,147.6
DE,1982,154.1,9.975,90.056,0.178,26.08,137.1,150.5,147.6
DE,1983,149.6,9.975,90.056,0.178,26.08,137.1,150.5,147.6
DE,1984,144,9.975,90.056,0.178,26.08,137.1,150.5,147.6
DE,1985,144.5,9.975,90.056,0.178,26.08,137.1,150.5,147.6
DE,1986,142.4,9.975,90.056,0.178,26.08,137.1,150.5,147.6
DE,1987,141,9.975,90.056,0.178,26.08,137.1,150.5,147.6
DE,1988,137.1,9.975,90.056,0.178,26.08,137.1,150.5,147.6
DE,1989,131.7,9.975,90.056,0.178,26.08,137.1,150.5,147.6
DE,1990,127.2,9.975,90.056,0.178,26.08,137.1,150.5,147.6
DE,1991,118.8,9.975,90.056,0.178,26.08,137.1,150.5,147.6
DE,1992,120,9.975,90.056,0.178,26.08,137.1,150.5,147.6
DE,1993,123.8,9.975,90.056,0.178,26.08,137.1,150.5,147.6
DE,1994,126.1,9.975,90.056,0.178,26.08,137.1,150.5,147.6
DE,1995,127.2,9.975,90.056,0.178,26.08,137.1,150.5,147.6
DE,1996,128.3,9.975,90.056,0.178,26.08,137.1,150.5,147.6
DE,1997,124.1,9.975,90.056,0.178,26.08,137.1,150.5,147.6
DE,1998,132.8,9.975,90.056,0.178,26.08,137.1,150.5,147.6
DE,1999,139.5,9.975,90.056,0.178,26.08,137.1,150.5,147.6
DE,2000,140.7,9.975,90.056,0.178,26.08,137.1,150.5,147.6
GA,1970,109.9,9.817,84.367,0.177,21.76,124.1,134,122.9
GA,1971,115.7,9.817,84.367,0.177,21.76,124.1,134,122.9
GA,1972,117,9.817,84.367,0.177,21.76,124.1,134,122.9
GA,1973,119.8,9.817,84.367,0.177,21.76,124.1,134,122.9
GA,1974,123.7,9.817,84.367,0.177,21.76,124.1,134,122.9
GA,1975,122.9,9.817,84.367,0.177,21.76,124.1,134,122.9
GA,1976,125.9,9.817,84.367,0.177,21.76,124.1,134,122.9
GA,1977,127.9,9.817,84.367,0.177,21.76,124.1,134,122.9
GA,1978,130.6,9.817,84.367,0.177,21.76,124.1,134,122.9
GA,1979,131,9.817,84.367,0.177,21.76,124.1,134,122.9
GA,1980,134,9.817,84.367,0.177,21.76,124.1,134,122.9
GA,1981,131.7,9.817,84.367,0.177,21.76,124.1,134,122.9
GA,1982,131.2,9.817,84.367,0.177,21.76,124.1,134,122.9
GA,1983,128.6,9.817,84.367,0.177,21.76,124.1,134,122.9
GA,1984,126.3,9.817,84.367,0.177,21.76,124.1,134,122.9
GA,1985,128.8,9.817,84.367,0.177,21.76,124.1,134,122.9
GA,1986,129,9.817,84.367,0.177,21.76,124.1,134,122.9
GA,1987,129.3,9.817,84.367,0.177,21.76,124.1,134,122.9
GA,1988,124.1,9.817,84.367,0.177,21.76,124.1,134,122.9
GA,1989,117.1,9.817,84.367,0.177,21.76,124.1,134,122.9
GA,1990,113.8,9.817,84.367,0.177,21.76,124.1,134,122.9
GA,1991,109.6,9.817,84.367,0.177,21.76,124.1,134,122.9
GA,1992,109.2,9.817,84.367,0.177,21.76,124.1,134,122.9
GA,1993,109.2,9.817,84.367,0.177,21.76,124.1,134,122.9
GA,1994,107.8,9.817,84.367,0.177,21.76,124.1,134,122.9
GA,1995,100.3,9.817,84.367,0.177,21.76,124.1,134,122.9
GA,1996,102.7,9.817,84.367,0.177,21.76,124.1,134,122.9
GA,1997,100.6,9.817,84.367,0.177,21.76,124.1,134,122.9
GA,1998,100.5,9.817,84.367,0.177,21.76,124.1,134,122.9
GA,1999,97.1,9.817,84.367,0.177,21.76,124.1,134,122.9
GA,2000,88.4,9.817,84.367,0.177,21.76,124.1,134,122.9
IA,1970,108.5,9.837,90.656,0.17,23.24,100.2,124.6,120.5
IA,1971,108.4,9.837,90.656,0.17,23.24,100.2,124.6,120.5
IA,1972,109.4,9.837,90.656,0.17,23.24,100.2,124.6,120.5
IA,1973,110.6,9.837,90.656,0.17,23.24,100.2,124.6,120.5
IA,1974,116.1,9.837,90.656,0.17,23.24,100.2,124.6,120.5
IA,1975,120.5,9.837,90.656,0.17,23.24,100.2,124.6,120.5
IA,1976,124.4,9.837,90.656,0.17,23.24,100.2,124.6,120.5
IA,1977,125.5,9.837,90.656,0.17,23.24,100.2,124.6,120.5
IA,1978,127.1,9.837,90.656,0.17,23.24,100.2,124.6,120.5
IA,1979,124.2,9.837,90.656,0.17,23.24,100.2,124.6,120.5
IA,1980,124.6,9.837,90.656,0.17,23.24,100.2,124.6,120.5
IA,1981,132.9,9.837,90.656,0.17,23.24,100.2,124.6,120.5
IA,1982,116.2,9.837,90.656,0.17,23.24,100.2,124.6,120.5
IA,1983,115.6,9.837,90.656,0.17,23.24,100.2,124.6,120.5
IA,1984,111.2,9.837,90.656,0.17,23.24,100.2,124.6,120.5
IA,1985,109.4,9.837,90.656,0.17,23.24,100.2,124.6,120.5
IA,1986,104.1,9.837,90.656,0.17,23.24,100.2,124.6,120.5
IA,1987,101.1,9.837,90.656,0.17,23.24,100.2,124.6,120.5
IA,1988,100.2,9.837,90.656,0.17,23.24,100.2,124.6,120.5
IA,1989,94.4,9.837,90.656,0.17,23.24,100.2,124.6,120.5
IA,1990,95.4,9.837,90.656,0.17,23.24,100.2,124.6,120.5
IA,1991,97.1,9.837,90.656,0.17,23.24,100.2,124.6,120.5
IA,1992,95.2,9.837,90.656,0.17,23.24,100.2,124.6,120.5
IA,1993,92.5,9.837,90.656,0.17,23.24,100.2,124.6,120.5
IA,1994,93.4,9.837,90.656,0.17,23.24,100.2,124.6,120.5
IA,1995,93,9.837,90.656,0.17,23.24,100.2,124.6,120.5
IA,1996,94,9.837,90.656,0.17,23.24,100.2,124.6,120.5
IA,1997,93.9,9.837,90.656,0.17,23.24,100.2,124.6,120.5
IA,1998,94,9.837,90.656,0.17,23.24,100.2,124.6,120.5
IA,1999,91.7,9.837,90.656,0.17,23.24,100.2,124.6,120.5
IA,2000,88.9,9.837,90.656,0.17,23.24,100.2,124.6,120.5
ID,1970,102.4,9.711,86.078,0.152,22.22,84.5,115.2,123.3
ID,1971,108.5,9.711,86.078,0.152,22.22,84.5,115.2,123.3
ID,1972,126.1,9.711,86.078,0.152,22.22,84.5,115.2,123.3
ID,1973,121.8,9.711,86.078,0.152,22.22,84.5,115.2,123.3
ID,1974,125.6,9.711,86.078,0.152,22.22,84.5,115.2,123.3
ID,1975,123.3,9.711,86.078,0.152,22.22,84.5,115.2,123.3
ID,1976,125.1,9.711,86.078,0.152,22.22,84.5,115.2,123.3
ID,1977,125,9.711,86.078,0.152,22.22,84.5,115.2,123.3
ID,1978,122.8,9.711,86.078,0.152,22.22,84.5,115.2,123.3
ID,1979,117.5,9.711,86.078,0.152,22.22,84.5,115.2,123.3
ID,1980,115.2,9.711,86.078,0.152,22.22,84.5,115.2,123.3
ID,1981,114.1,9.711,86.078,0.152,22.22,84.5,115.2,123.3
ID,1982,111.5,9.711,86.078,0.152,22.22,84.5,115.2,123.3
ID,1983,111.3,9.711,86.078,0.152,22.22,84.5,115.2,123.3
ID,1984,103.6,9.711,86.078,0.152,22.22,84.5,115.2,123.3
ID,1985,100.7,9.711,86.078,0.152,22.22,84.5,115.2,123.3
ID,1986,96.7,9.711,86.078,0.152,22.22,84.5,115.2,123.3
ID,1987,95,9.711,86.078,0.152,22.22,84.5,115.2,123.3
ID,1988,84.5,9.711,86.078,0.152,22.22,84.5,115.2,123.3
ID,1989,78.4,9.711,86.078,0.152,22.22,84.5,115.2,123.3
ID,1990,90.1,9.711,86.078,0.152,22.22,84.5,115.2,123.3
ID,1991,85.4,9.711,86.078,0.152,22.22,84.5,115.2,123.3
ID,1992,85.1,9.711,86.078,0.152,22.22,84.5,115.2,123.3
ID,1993,86.7,9.711,86.078,0.152,22.22,84.5,115.2,123.3
ID,1994,93,9.711,86.078,0.152,22.22,84.5,115.2,123.3
ID,1995,78.2,9.711,86.078,0.152,22.22,84.5,115.2,123.3
ID,1996,73.6,9.711,86.078,0.152,22.22,84.5,115.2,123.3
ID,1997,75,9.711,86.078,0.152,22.22,84.5,115.2,123.3
ID,1998,78.9,9.711,86.078,0.152,22.22,84.5,115.2,123.3
ID,1999,75.1,9.711,86.078,0.152,22.22,84.5,115.2,123.3
ID,2000,66.9,9.711,86.078,0.152,22.22,84.5,115.2,123.3
IL,1970,124.8,10.007,89.833,0.17,24.74,107.6,135.2,131.8
IL,1971,125.6,10.007,89.833,0.17,24.74,107.6,135.2,131.8
IL,1972,126.6,10.007,89.833,0.17,24.74,107.6,135.2,131.8
IL,1973,124.4,10.007,89.833,0.17,24.74,107.6,135.2,131.8
IL,1974,131.9,10.007,89.833,0.17,24.74,107.6,135.2,131.8
IL,1975,131.8,10.007,89.833,0.17,24.74,107.6,135.2,131.8
IL,1976,134.4,10.007,89.833,0.17,24.74,107.6,135.2,131.8
IL,1977,134,10.007,89.833,0.17,24.74,107.6,135.2,131.8
IL,1978,136.7,10.007,89.833,0.17,24.74,107.6,135.2,131.8
IL,1979,135.3,10.007,89.833,0.17,24.74,107.6,135.2,131.8
IL,1980,135.2,10.007,89.833,0.17,24.74,107.6,135.2,131.8
IL,1981,133,10.007,89.833,0.17,24.74,107.6,135.2,131.8
IL,1982,130.7,10.007,89.833,0.17,24.74,107.6,135.2,131.8
IL,1983,127.9,10.007,89.833,0.17,24.74,107.6,135.2,131.8
IL,1984,124,10.007,89.833,0.17,24.74,107.6,135.2,131.8
IL,1985,121.6,10.007,89.833,0.17,24.74,107.6,135.2,131.8
IL,1986,118.2,10.007,89.833,0.17,24.74,107.6,135.2,131.8
IL,1987,109.5,10.007,89.833,0.17,24.74,107.6,135.2,131.8
IL,1988,107.6,10.007,89.833,0.17,24.74,107.6,135.2,131.8
IL,1989,104.6,10.007,89.833,0.17,24.74,107.6,135.2,131.8
IL,1990,94.1,10.007,89.833,0.17,24.74,107.6,135.2,131.8
IL,1991,96.1,10.007,89.833,0.17,24.74,107.6,135.2,131.8
IL,1992,94.8,10.007,89.833,0.17,24.74,107.6,135.2,131.8
IL,1993,94.6,10.007,89.833,0.17,24.74,107.6,135.2,131.8
IL,1994,85.7,10.007,89.833,0.17,24.74,107.6,135.2,131.8
IL,1995,84.3,10.007,89.833,0.17,24.74,107.6,135.2,131.8
IL,1996,81.8,10.007,89.833,0.17,24.74,107.6,135.2,131.8
IL,1997,79.6,10.007,89.833,0.17,24.74,107.6,135.2,131.8
IL,1998,80.3,10.007,89.833,0.17,24.74,107.6,135.2,131.8
IL,1999,72.2,10.007,89.833,0.17,24.74,107.6,135.2,131.8
IL,2000,70,10.007,89.833,0.17,24.74,107.6,135.2,131.8
IN,1970,134.6,9.832,81.089,0.175,21.98,134,146.9,162.4
IN,1971,139.3,9.832,81.089,0.175,21.98,134,146.9,162.4
IN,1972,149.2,9.832,81.089,0.175,21.98,134,146.9,162.4
IN,1973,156,9.832,81.089,0.175,21.98,134,146.9,162.4
IN,1974,159.6,9.832,81.089,0.175,21.98,134,146.9,162.4
IN,1975,162.4,9.832,81.089,0.175,21.98,134,146.9,162.4
IN,1976,166.6,9.832,81.089,0.175,21.98,134,146.9,162.4
IN,1977,173,9.832,81.089,0.175,21.98,134,146.9,162.4
IN,1978,150.9,9.832,81.089,0.175,21.98,134,146.9,162.4
IN,1979,148.9,9.832,81.089,0.175,21.98,134,146.9,162.4
IN,1980,146.9,9.832,81.089,0.175,21.98,134,146.9,162.4
IN,1981,148.5,9.832,81.089,0.175,21.98,134,146.9,162.4
IN,1982,147.7,9.832,81.089,0.175,21.98,134,146.9,162.4
IN,1983,143,9.832,81.089,0.175,21.98,134,146.9,162.4
IN,1984,137.8,9.832,81.089,0.175,21.98,134,146.9,162.4
IN,1985,135.3,9.832,81.089,0.175,21.98,134,146.9,162.4
IN,1986,137.6,9.832,81.089,0.175,21.98,134,146.9,162.4
IN,1987,134,9.832,81.089,0.175,21.98,134,146.9,162.4
IN,1988,134,9.832,81.089,0.175,21.98,134,146.9,162.4
IN,1989,132.5,9.832,81.089,0.175,21.98,134,146.9,162.4
IN,1990,128.3,9.832,81.089,0.175,21.98,134,146.9,162.4
IN,1991,127.2,9.832,81.089,0.175,21.98,134,146.9,162.4
IN,1992,128.2,9.832,81.089,0.175,21.98,134,146.9,162.4
IN,1993,126.8,9.832,81.089,0.175,21.98,134,146.9,162.4
IN,1994,128.2,9.832,81.089,0.175,21.98,134,146.9,162.4
IN,1995,135.4,9.832,81.089,0.175,21.98,134,146.9,162.4
IN,1996,135.1,9.832,81.089,0.175,21.98,134,146.9,162.4
IN,1997,135.3,9.832,81.089,0.175,21.98,134,146.9,162.4
IN,1998,135.9,9.832,81.089,0.175,21.98,134,146.9,162.4
IN,1999,133.3,9.832,81.089,0.175,21.98,134,146.9,162.4
IN,2000,125.5,9.832,81.089,0.175,21.98,134,146.9,162.4
KS,1970,114,9.917,87.789,0.171,19.94,103.2,127.1,123.4
KS,1971,102.8,9.917,87.789,0.171,19.94,103.2,127.1,123.4
KS,1972,111,9.917,87.789,0.171,19.94,103.2,127.1,123.4
KS,1973,115.2,9.917,87.789,0.171,19.94,103.2,127.1,123.4
KS,1974,118.6,9.917,87.789,0.171,19.94,103.2,127.1,123.4
KS,1975,123.4,9.917,87.789,0.171,19.94,103.2,127.1,123.4
KS,1976,127.7,9.917,87.789,0.171,19.94,103.2,127.1,123.4
KS,1977,127.9,9.917,87.789,0.171,19.94,103.2,127.1,123.4
KS,1978,127.1,9.917,87.789,0.171,19.94,103.2,127.1,123.4
KS,1979,126.4,9.917,87.789,0.171,19.94,103.2,127.1,123.4
KS,1980,127.1,9.917,87.789,0.171,19.94,103.2,127.1,123.4
KS,1981,132,9.917,87.789,0.171,19.94,103.2,127.1,123.4
KS,1982,130.9,9.917,87.789,0.171,19.94,103.2,127.1,123.4
KS,1983,127.6,9.917,87.789,0.171,19.94,103.2,127.1,123.4
KS,1984,121.7,9.917,87.789,0.171,19.94,103.2,127.1,123.4
KS,1985,115.7,9.917,87.789,0.171,19.94,103.2,127.1,123.4
KS,1986,109.4,9.917,87.789,0.171,19.94,103.2,127.1,123.4
KS,1987,105.2,9.917,87.789,0.171,19.94,103.2,127.1,123.4
KS,1988,103.2,9.917,87.789,0.171,19.94,103.2,127.1,123.4
KS,1989,96.5,9.917,87.789,0.171,19.94,103.2,127.1,123.4
KS,1990,94.3,9.917,87.789,0.171,19.94,103.2,127.1,123.4
KS,1991,91.8,9.917,87.789,0.171,19.94,103.2,127.1,123.4
KS,1992,90,9.917,87.789,0.171,19.94,103.2,127.1,123.4
KS,1993,89.9,9.917,87.789,0.171,19.94,103.2,127.1,123.4
KS,1994,89.1,9.917,87.789,0.171,19.94,103.2,127.1,123.4
KS,1995,90.1,9.917,87.789,0.171,19.94,103.2,127.1,123.4
KS,1996,88.7,9.917,87.789,0.171,19.94,103.2,127.1,123.4
KS,1997,89.2,9.917,87.789,0.171,19.94,103.2,127.1,123.4
KS,1998,87.6,9.917,87.789,0.171,19.94,103.2,127.1,123.4
KS,1999,83.3,9.917,87.789,0.171,19.94,103.2,127.1,123.4
KS,2000,79.8,9.917,87.789,0.171,19.94,103.2,127.1,123.4
KY,1970,155.8,9.695,71.489,0.175,18.94,173.2,215.3,223
KY,1971,163.5,9.695,71.489,0.175,18.94,173.2,215.3,223
KY,1972,179.4,9.695,71.489,0.175,18.94,173.2,215.3,223
KY,1973,201.9,9.695,71.489,0.175,18.94,173.2,215.3,223
KY,1974,212.4,9.695,71.489,0.175,18.94,173.2,215.3,223
KY,1975,223,9.695,71.489,0.175,18.94,173.2,215.3,223
KY,1976,230.9,9.695,71.489,0.175,18.94,173.2,215.3,223
KY,1977,229.4,9.695,71.489,0.175,18.94,173.2,215.3,223
KY,1978,224.7,9.695,71.489,0.175,18.94,173.2,215.3,223
KY,1979,214.9,9.695,71.489,0.175,18.94,173.2,215.3,223
KY,1980,215.3,9.695,71.489,0.175,18.94,173.2,215.3,223
KY,1981,209.7,9.695,71.489,0.175,18.94,173.2,215.3,223
KY,1982,210.6,9.695,71.489,0.175,18.94,173.2,215.3,223
KY,1983,201.1,9.695,71.489,0.175,18.94,173.2,215.3,223
KY,1984,183.2,9.695,71.489,0.175,18.94,173.2,215.3,223
KY,1985,182.4,9.695,71.489,0.175,18.94,173.2,215.3,223
KY,1986,179.8,9.695,71.489,0.175,18.94,173.2,215.3,223
KY,1987,171.2,9.695,71.489,0.175,18.94,173.2,215.3,223
KY,1988,173.2,9.695,71.489,0.175,18.94,173.2,215.3,223
KY,1989,171.6,9.695,71.489,0.175,18.94,173.2,215.3,223
KY,1990,182.5,9.695,71.489,0.175,18.94,173.2,215.3,223
KY,1991,170.4,9.695,71.489,0.175,18.94,173.2,215.3,223
KY,1992,167.6,9.695,71.489,0.175,18.94,173.2,215.3,223
KY,1993,167.6,9.695,71.489,0.175,18.94,173.2,215.3,223
KY,1994,170.1,9.695,71.489,0.175,18.94,173.2,215.3,223
KY,1995,175.3,9.695,71.489,0.175,18.94,173.2,215.3,223
KY,1996,179,9.695,71.489,0.175,18.94,173.2,215.3,223
KY,1997,186.8,9.695,71.489,0.175,18.94,173.2,215.3,223
KY,1998,171.3,9.695,71.489,0.175,18.94,173.2,215.3,223
KY,1999,165.3,9.695,71.489,0.175,18.94,173.2,215.3,223
KY,2000,156.2,9.695,71.489,0.175,18.94,173.2,215.3,223
LA,1970,115.9,9.748,90.067,0.182,23.88,110.9,143.8,133.6
LA,1971,119.8,9.748,90.067,0.182,23.88,110.9,143.8,133.6
LA,1972,125.3,9.748,90.067,0.182,23.88,110.9,143.8,133.6
LA,1973,126.7,9.748,90.067,0.182,23.88,110.9,143.8,133.6
LA,1974,129.9,9.748,90.067,0.182,23.88,110.9,143.8,133.6
LA,1975,133.6,9.748,90.067,0.182,23.88,110.9,143.8,133.6
LA,1976,139.6,9.748,90.067,0.182,23.88,110.9,143.8,133.6
LA,1977,140,9.748,90.067,0.182,23.88,110.9,143.8,133.6
LA,1978,142.7,9.748,90.067,0.182,23.88,110.9,143.8,133.6
LA,1979,140.1,9.748,90.067,0.182,23.88,110.9,143.8,133.6
LA,1980,143.8,9.748,90.067,0.182,23.88,110.9,143.8,133.6
LA,1981,144,9.748,90.067,0.182,23.88,110.9,143.8,133.6
LA,1982,143.9,9.748,90.067,0.182,23.88,110.9,143.8,133.6
LA,1983,133.7,9.748,90.067,0.182,23.88,110.9,143.8,133.6
LA,1984,128.9,9.748,90.067,0.182,23.88,110.9,143.8,133.6
LA,1985,125,9.748,90.067,0.182,23.88,110.9,143.8,133.6
LA,1986,121.2,9.748,90.067,0.182,23.88,110.9,143.8,133.6
LA,1987,116.5,9.748,90.067,0.182,23.88,110.9,143.8,133.6
LA,1988,110.9,9.748,90.067,0.182,23.88,110.9,143.8,133.6
LA,1989,103.6,9.748,90.067,0.182,23.88,110.9,143.8,133.6
LA,1990,101.5,9.748,90.067,0.182,23.88,110.9,143.8,133.6
LA,1991,107.2,9.748,90.067,0.182,23.88,110.9,143.8,133.6
LA,1992,108.5,9.748,90.067,0.182,23.88,110.9,143.8,133.6
LA,1993,106.2,9.748,90.067,0.182,23.88,110.9,143.8,133.6
LA,1994,105.3,9.748,90.067,0.182,23.88,110.9,143.8,133.6
LA,1995,105.7,9.748,90.067,0.182,23.88,110.9,143.8,133.6
LA,1996,106.8,9.748,90.067,0.182,23.88,110.9,143.8,133.6
LA,1997,105.3,9.748,90.067,0.182,23.88,110.9,143.8,133.6
LA,1998,103.2,9.748,90.067,0.182,23.88,110.9,143.8,133.6
LA,1999,101,9.748,90.067,0.182,23.88,110.9,143.8,133.6
LA,2000,104.3,9.748,90.067,0.182,23.88,110.9,143.8,133.6
ME,1970,128.5,9.787,91.9,0.166,22.44,125,141.2,140.7
ME,1971,133.2,9.787,91.9,0.166,22.44,125,141.2,140.7
ME,1972,136.5,9.787,91.9,0.166,22.44,125,141.2,140.7
ME,1973,138,9.787,91.9,0.166,22.44,125,141.2,140.7
ME,1974,142.1,9.787,91.9,0.166,22.44,125,141.2,140.7
ME,1975,140.7,9.787,91.9,0.166,22.44,125,141.2,140.7
ME,1976,144.9,9.787,91.9,0.166,22.44,125,141.2,140.7
ME,1977,145.6,9.787,91.9,0.166,22.44,125,141.2,140.7
ME,1978,143.9,9.787,91.9,0.166,22.44,125,141.2,140.7
ME,1979,138.5,9.787,91.9,0.166,22.44,125,141.2,140.7
ME,1980,141.2,9.787,91.9,0.166,22.44,125,141.2,140.7
ME,1981,138.9,9.787,91.9,0.166,22.44,125,141.2,140.7
ME,1982,139.5,9.787,91.9,0.166,22.44,125,141.2,140.7
ME,1983,135.4,9.787,91.9,0.166,22.44,125,141.2,140.7
ME,1984,135.5,9.787,91.9,0.166,22.44,125,141.2,140.7
ME,1985,127.9,9.787,91.9,0.166,22.44,125,141.2,140.7
ME,1986,119,9.787,91.9,0.166,22.44,125,141.2,140.7
ME,1987,125,9.787,91.9,0.166,22.44,125,141.2,140.7
ME,1988,125,9.787,91.9,0.166,22.44,125,141.2,140.7
ME,1989,122.4,9.787,91.9,0.166,22.44,125,141.2,140.7
ME,1990,117.5,9.787,91.9,0.166,22.44,125,141.2,140.7
ME,1991,116.1,9.787,91.9,0.166,22.44,125,141.2,140.7
ME,1992,114.5,9.787,91.9,0.166,22.44,125,141.2,140.7
ME,1993,108.5,9.787,91.9,0.166,22.44,125,141.2,140.7
ME,1994,101.6,9.787,91.9,0.166,22.44,125,141.2,140.7
ME,1995,102.3,9.787,91.9,0.166,22.44,125,141.2,140.7
ME,1996,100,9.787,91.9,0.166,22.44,125,141.2,140.7
ME,1997,101.1,9.787,91.9,0.166,22.44,125,141.2,140.7
ME,1998,94.5,9.787,91.9,0.166,22.44,125,141.2,140.7
ME,1999,85.5,9.787,91.9,0.166,22.44,125,141.2,140.7
ME,2000,82.9,9.787,91.9,0.166,22.44,125,141.2,140.7
MN,1970,104.3,9.939,96.289,0.172,23.12,94.1,117.7,111.5
MN,1971,116.4,9.939,96.289,0.172,23.12,94.1,117.7,111.5
MN,1972,96.8,9.939,96.289,0.172,23.12,94.1,117.7,111.5
MN,1973,106.8,9.939,96.289,0.172,23.12,94.1,117.7,111.5
MN,1974,110.6,9.939,96.289,0.172,23.12,94.1,117.7,111.5
MN,1975,111.5,9.939,96.289,0.172,23.12,94.1,117.7,111.5
MN,1976,116.7,9.939,96.289,0.172,23.12,94.1,117.7,111.5
MN,1977,117.2,9.939,96.289,0.172,23.12,94.1,117.7,111.5
MN,1978,118.9,9.939,96.289,0.172,23.12,94.1,117.7,111.5
MN,1979,118.3,9.939,96.289,0.172,23.12,94.1,117.7,111.5
MN,1980,117.7,9.939,96.289,0.172,23.12,94.1,117.7,111.5
MN,1981,120.8,9.939,96.289,0.172,23.12,94.1,117.7,111.5
MN,1982,119.4,9.939,96.289,0.172,23.12,94.1,117.7,111.5
MN,1983,113.2,9.939,96.289,0.172,23.12,94.1,117.7,111.5
MN,1984,110.8,9.939,96.289,0.172,23.12,94.1,117.7,111.5
MN,1985,113,9.939,96.289,0.172,23.12,94.1,117.7,111.5
MN,1986,104.3,9.939,96.289,0.172,23.12,94.1,117.7,111.5
MN,1987,108.8,9.939,96.289,0.172,23.12,94.1,117.7,111.5
MN,1988,94.1,9.939,96.289,0.172,23.12,94.1,117.7,111.5
MN,1989,92.3,9.939,96.289,0.172,23.12,94.1,117.7,111.5
MN,1990,90.7,9.939,96.289,0.172,23.12,94.1,117.7,111.5
MN,1991,86.2,9.939,96.289,0.172,23.12,94.1,117.7,111.5
MN,1992,83.8,9.939,96.289,0.172,23.12,94.1,117.7,111.5
MN,1993,81.6,9.939,96.289,0.172,23.12,94.1,117.7,111.5
MN,1994,83.4,9.939,96.289,0.172,23.12,94.1,117.7,111.5
MN,1995,84.1,9.939,96.289,0.172,23.12,94.1,117.7,111.5
MN,1996,81.7,9.939,96.289,0.172,23.12,94.1,117.7,111.5
MN,1997,84.1,9.939,96.289,0.172,23.12,94.1,117.7,111.5
MN,1998,83.2,9.939,96.289,0.172,23.12,94.1,117.7,111.5
MN,1999,80.7,9.939,96.289,0.172,23.12,94.1,117.7,111.5
MN,2000,76,9.939,96.289,0.172,23.12,94.1,117.7,111.5
MO,1970,121.3,9.877,84.467,0.167,23.88,127.4,142.1,135.6
MO,1971,127.6,9.877,84.467,0.167,23.88,127.4,142.1,135.6
MO,1972,130,9.877,84.467,0.167,23.88,127.4,142.1,135.6
MO,1973,132.1,9.877,84.467,0.167,23.88,127.4,142.1,135.6
MO,1974,135.4,9.877,84.467,0.167,23.88,127.4,142.1,135.6
MO,1975,135.6,9.877,84.467,0.167,23.88,127.4,142.1,135.6
MO,1976,139.5,9.877,84.467,0.167,23.88,127.4,142.1,135.6
MO,1977,140.8,9.877,84.467,0.167,23.88,127.4,142.1,135.6
MO,1978,141.8,9.877,84.467,0.167,23.88,127.4,142.1,135.6
MO,1979,140.2,9.877,84.467,0.167,23.88,127.4,142.1,135.6
MO,1980,142.1,9.877,84.467,0.167,23.88,127.4,142.1,135.6
MO,1981,140.5,9.877,84.467,0.167,23.88,127.4,142.1,135.6
MO,1982,139.7,9.877,84.467,0.167,23.88,127.4,142.1,135.6
MO,1983,134.1,9.877,84.467,0.167,23.88,127.4,142.1,135.6
MO,1984,130,9.877,84.467,0.167,23.88,127.4,142.1,135.6
MO,1985,129.2,9.877,84.467,0.167,23.88,127.4,142.1,135.6
MO,1986,128.8,9.877,84.467,0.167,23.88,127.4,142.1,135.6
MO,1987,128.7,9.877,84.467,0.167,23.88,127.4,142.1,135.6
MO,1988,127.4,9.877,84.467,0.167,23.88,127.4,142.1,135.6
MO,1989,122.8,9.877,84.467,0.167,23.88,127.4,142.1,135.6
MO,1990,119.1,9.877,84.467,0.167,23.88,127.4,142.1,135.6
MO,1991,119.9,9.877,84.467,0.167,23.88,127.4,142.1,135.6
MO,1992,122.3,9.877,84.467,0.167,23.88,127.4,142.1,135.6
MO,1993,121.6,9.877,84.467,0.167,23.88,127.4,142.1,135.6
MO,1994,119.4,9.877,84.467,0.167,23.88,127.4,142.1,135.6
MO,1995,124,9.877,84.467,0.167,23.88,127.4,142.1,135.6
MO,1996,124.1,9.877,84.467,0.167,23.88,127.4,142.1,135.6
MO,1997,120.6,9.877,84.467,0.167,23.88,127.4,142.1,135.6
MO,1998,120.1,9.877,84.467,0.167,23.88,127.4,142.1,135.6
MO,1999,118,9.877,84.467,0.167,23.88,127.4,142.1,135.6
MO,2000,113.8,9.877,84.467,0.167,23.88,127.4,142.1,135.6
MS,1970,93.4,9.547,88.922,0.181,21.14,109,127,116.8
MS,1971,105.4,9.547,88.922,0.181,21.14,109,127,116.8
MS,1972,112.1,9.547,88.922,0.181,21.14,109,127,116.8
MS,1973,115,9.547,88.922,0.181,21.14,109,127,116.8
MS,1974,117.1,9.547,88.922,0.181,21.14,109,127,116.8
MS,1975,116.8,9.547,88.922,0.181,21.14,109,127,116.8
MS,1976,120.9,9.547,88.922,0.181,21.14,109,127,116.8
MS,1977,122.1,9.547,88.922,0.181,21.14,109,127,116.8
MS,1978,124.9,9.547,88.922,0.181,21.14,109,127,116.8
MS,1979,123.9,9.547,88.922,0.181,21.14,109,127,116.8
MS,1980,127,9.547,88.922,0.181,21.14,109,127,116.8
MS,1981,125.3,9.547,88.922,0.181,21.14,109,127,116.8
MS,1982,125.8,9.547,88.922,0.181,21.14,109,127,116.8
MS,1983,122.3,9.547,88.922,0.181,21.14,109,127,116.8
MS,1984,116.4,9.547,88.922,0.181,21.14,109,127,116.8
MS,1985,115.3,9.547,88.922,0.181,21.14,109,127,116.8
MS,1986,113.2,9.547,88.922,0.181,21.14,109,127,116.8
MS,1987,110,9.547,88.922,0.181,21.14,109,127,116.8
MS,1988,109,9.547,88.922,0.181,21.14,109,127,116.8
MS,1989,108.3,9.547,88.922,0.181,21.14,109,127,116.8
MS,1990,101.8,9.547,88.922,0.181,21.14,109,127,116.8
MS,1991,105.6,9.547,88.922,0.181,21.14,109,127,116.8
MS,1992,103.9,9.547,88.922,0.181,21.14,109,127,116.8
MS,1993,105.4,9.547,88.922,0.181,21.14,109,127,116.8
MS,1994,106,9.547,88.922,0.181,21.14,109,127,116.8
MS,1995,107.5,9.547,88.922,0.181,21.14,109,127,116.8
MS,1996,106.9,9.547,88.922,0.181,21.14,109,127,116.8
MS,1997,106.3,9.547,88.922,0.181,21.14,109,127,116.8
MS,1998,107,9.547,88.922,0.181,21.14,109,127,116.8
MS,1999,103.9,9.547,88.922,0.181,21.14,109,127,116.8
MS,2000,97.2,9.547,88.922,0.181,21.14,109,127,116.8
MT,1970,111.2,9.753,85.589,0.165,27.88,87.1,122,123.7
MT,1971,115.6,9.753,85.589,0.165,27.88,87.1,122,123.7
MT,1972,122.2,9.753,85.589,0.165,27.88,87.1,122,123.7
MT,1973,119.9,9.753,85.589,0.165,27.88,87.1,122,123.7
MT,1974,121.9,9.753,85.589,0.165,27.88,87.1,122,123.7
MT,1975,123.7,9.753,85.589,0.165,27.88,87.1,122,123.7
MT,1976,124.9,9.753,85.589,0.165,27.88,87.1,122,123.7
MT,1977,127,9.753,85.589,0.165,27.88,87.1,122,123.7
MT,1978,127.2,9.753,85.589,0.165,27.88,87.1,122,123.7
MT,1979,120.3,9.753,85.589,0.165,27.88,87.1,122,123.7
MT,1980,122,9.753,85.589,0.165,27.88,87.1,122,123.7
MT,1981,121.1,9.753,85.589,0.165,27.88,87.1,122,123.7
MT,1982,122.4,9.753,85.589,0.165,27.88,87.1,122,123.7
MT,1983,113.7,9.753,85.589,0.165,27.88,87.1,122,123.7
MT,1984,110.1,9.753,85.589,0.165,27.88,87.1,122,123.7
MT,1985,103.6,9.753,85.589,0.165,27.88,87.1,122,123.7
MT,1986,97.8,9.753,85.589,0.165,27.88,87.1,122,123.7
MT,1987,91.7,9.753,85.589,0.165,27.88,87.1,122,123.7
MT,1988,87.1,9.753,85.589,0.165,27.88,87.1,122,123.7
MT,1989,86.2,9.753,85.589,0.165,27.88,87.1,122,123.7
MT,1990,84.7,9.753,85.589,0.165,27.88,87.1,122,123.7
MT,1991,82.9,9.753,85.589,0.165,27.88,87.1,122,123.7
MT,1992,86.6,9.753,85.589,0.165,27.88,87.1,122,123.7
MT,1993,86,9.753,85.589,0.165,27.88,87.1,122,123.7
MT,1994,88.2,9.753,85.589,0.165,27.88,87.1,122,123.7
MT,1995,90.5,9.753,85.589,0.165,27.88,87.1,122,123.7
MT,1996,87.3,9.753,85.589,0.165,27.88,87.1,122,123.7
MT,1997,88.9,9.753,85.589,0.165,27.88,87.1,122,123.7
MT,1998,89.1,9.753,85.589,0.165,27.88,87.1,122,123.7
MT,1999,82.6,9.753,85.589,0.165,27.88,87.1,122,123.7
MT,2000,75.5,9.753,85.589,0.165,27.88,87.1,122,123.7
NC,1970,172.4,9.752,71.444,0.179,19.92,146,187.8,226
NC,1971,187.6,9.752,71.444,0.179,19.92,146,187.8,226
NC,1972,214.1,9.752,71.444,0.179,19.92,146,187.8,226
NC,1973,226.5,9.752,71.444,0.179,19.92,146,187.8,226
NC,1974,227.3,9.752,71.444,0.179,19.92,146,187.8,226
NC,1975,226,9.752,71.444,0.179,19.92,146,187.8,226
NC,1976,230.2,9.752,71.444,0.179,19.92,146,187.8,226
NC,1977,217,9.752,71.444,0.179,19.92,146,187.8,226
NC,1978,205.5,9.752,71.444,0.179,19.92,146,187.8,226
NC,1979,197.3,9.752,71.444,0.179,19.92,146,187.8,226
NC,1980,187.8,9.752,71.444,0.179,19.92,146,187.8,226
NC,1981,179.3,9.752,71.444,0.179,19.92,146,187.8,226
NC,1982,179,9.752,71.444,0.179,19.92,146,187.8,226
NC,1983,169.8,9.752,71.444,0.179,19.92,146,187.8,226
NC,1984,160.6,9.752,71.444,0.179,19.92,146,187.8,226
NC,1985,156.3,9.752,71.444,0.179,19.92,146,187.8,226
NC,1986,154.4,9.752,71.444,0.179,19.92,146,187.8,226
NC,1987,150.5,9.752,71.444,0.179,19.92,146,187.8,226
NC,1988,146,9.752,71.444,0.179,19.92,146,187.8,226
NC,1989,139.3,9.752,71.444,0.179,19.92,146,187.8,226
NC,1990,133.7,9.752,71.444,0.179,19.92,146,187.8,226
NC,1991,132.7,9.752,71.444,0.179,19.92,146,187.8,226
NC,1992,128.9,9.752,71.444,0.179,19.92,146,187.8,226
NC,1993,129.7,9.752,71.444,0.179,19.92,146,187.8,226
NC,1994,112.7,9.752,71.444,0.179,19.92,146,187.8,226
NC,1995,124.9,9.752,71.444,0.179,19.92,146,187.8,226
NC,1996,129.7,9.752,71.444,0.179,19.92,146,187.8,226
NC,1997,125.6,9.752,71.444,0.179,19.92,146,187.8,226
NC,1998,126,9.752,71.444,0.179,19.92,146,187.8,226
NC,1999,113.1,9.752,71.444,0.179,19.92,146,187.8,226
NC,2000,109,9.752,71.444,0.179,19.92,146,187.8,226
ND,1970,93.8,9.756,88.9,0.181,23.5,87.1,123.7,117.9
ND,1971,98.5,9.756,88.9,0.181,23.5,87.1,123.7,117.9
ND,1972,103.8,9.756,88.9,0.181,23.5,87.1,123.7,117.9
ND,1973,108.7,9.756,88.9,0.181,23.5,87.1,123.7,117.9
ND,1974,110.5,9.756,88.9,0.181,23.5,87.1,123.7,117.9
ND,1975,117.9,9.756,88.9,0.181,23.5,87.1,123.7,117.9
ND,1976,125.4,9.756,88.9,0.181,23.5,87.1,123.7,117.9
ND,1977,122.2,9.756,88.9,0.181,23.5,87.1,123.7,117.9
ND,1978,121.9,9.756,88.9,0.181,23.5,87.1,123.7,117.9
ND,1979,121.3,9.756,88.9,0.181,23.5,87.1,123.7,117.9
ND,1980,123.7,9.756,88.9,0.181,23.5,87.1,123.7,117.9
ND,1981,125.7,9.756,88.9,0.181,23.5,87.1,123.7,117.9
ND,1982,126.8,9.756,88.9,0.181,23.5,87.1,123.7,117.9
ND,1983,119.6,9.756,88.9,0.181,23.5,87.1,123.7,117.9
ND,1984,109.4,9.756,88.9,0.181,23.5,87.1,123.7,117.9
ND,1985,103.2,9.756,88.9,0.181,23.5,87.1,123.7,117.9
ND,1986,99.8,9.756,88.9,0.181,23.5,87.1,123.7,117.9
ND,1987,92.3,9.756,88.9,0.181,23.5,87.1,123.7,117.9
ND,1988,87.1,9.756,88.9,0.181,23.5,87.1,123.7,117.9
ND,1989,84.1,9.756,88.9,0.181,23.5,87.1,123.7,117.9
ND,1990,77.1,9.756,88.9,0.181,23.5,87.1,123.7,117.9
ND,1991,85.2,9.756,88.9,0.181,23.5,87.1,123.7,117.9
ND,1992,74.3,9.756,88.9,0.181,23.5,87.1,123.7,117.9
ND,1993,83,9.756,88.9,0.181,23.5,87.1,123.7,117.9
ND,1994,81,9.756,88.9,0.181,23.5,87.1,123.7,117.9
ND,1995,80.6,9.756,88.9,0.181,23.5,87.1,123.7,117.9
ND,1996,80.8,9.756,88.9,0.181,23.5,87.1,123.7,117.9
ND,1997,77.5,9.756,88.9,0.181,23.5,87.1,123.7,117.9
ND,1998,79.1,9.756,88.9,0.181,23.5,87.1,123.7,117.9
ND,1999,74.7,9.756,88.9,0.181,23.5,87.1,123.7,117.9
ND,2000,72.5,9.756,88.9,0.181,23.5,87.1,123.7,117.9
NE,1970,108.1,9.85,89.489,0.169,24.72,92.9,116.3,114.1
NE,1971,108.6,9.85,89.489,0.169,24.72,92.9,116.3,114.1
NE,1972,104.9,9.85,89.489,0.169,24.72,92.9,116.3,114.1
NE,1973,106.6,9.85,89.489,0.169,24.72,92.9,116.3,114.1
NE,1974,110.5,9.85,89.489,0.169,24.72,92.9,116.3,114.1
NE,1975,114.1,9.85,89.489,0.169,24.72,92.9,116.3,114.1
NE,1976,118.1,9.85,89.489,0.169,24.72,92.9,116.3,114.1
NE,1977,117.7,9.85,89.489,0.169,24.72,92.9,116.3,114.1
NE,1978,117.4,9.85,89.489,0.169,24.72,92.9,116.3,114.1
NE,1979,116.1,9.85,89.489,0.169,24.72,92.9,116.3,114.1
NE,1980,116.3,9.85,89.489,0.169,24.72,92.9,116.3,114.1
NE,1981,117,9.85,89.489,0.169,24.72,92.9,116.3,114.1
NE,1982,117.1,9.85,89.489,0.169,24.72,92.9,116.3,114.1
NE,1983,110.8,9.85,89.489,0.169,24.72,92.9,116.3,114.1
NE,1984,107.7,9.85,89.489,0.169,24.72,92.9,116.3,114.1
NE,1985,105.1,9.85,89.489,0.169,24.72,92.9,116.3,114.1
NE,1986,103.1,9.85,89.489,0.169,24.72,92.9,116.3,114.1
NE,1987,101.3,9.85,89.489,0.169,24.72,92.9,116.3,114.1
NE,1988,92.9,9.85,89.489,0.169,24.72,92.9,116.3,114.1
NE,1989,93.8,9.85,89.489,0.169,24.72,92.9,116.3,114.1
NE,1990,89.9,9.85,89.489,0.169,24.72,92.9,116.3,114.1
NE,1991,92.4,9.85,89.489,0.169,24.72,92.9,116.3,114.1
NE,1992,90.6,9.85,89.489,0.169,24.72,92.9,116.3,114.1
NE,1993,91.1,9.85,89.489,0.169,24.72,92.9,116.3,114.1
NE,1994,85.9,9.85,89.489,0.169,24.72,92.9,116.3,114.1
NE,1995,88.5,9.85,89.489,0.169,24.72,92.9,116.3,114.1
NE,1996,86.2,9.85,89.489,0.169,24.72,92.9,116.3,114.1
NE,1997,85.5,9.85,89.489,0.169,24.72,92.9,116.3,114.1
NE,1998,83.1,9.85,89.489,0.169,24.72,92.9,116.3,114.1
NE,1999,86.6,9.85,89.489,0.169,24.72,92.9,116.3,114.1
NE,2000,77.6,9.85,89.489,0.169,24.72,92.9,116.3,114.1
NH,1970,265.7,10.006,83.4,0.169,34.96,180.4,247.8,269.1
NH,1971,278,10.006,83.4,0.169,34.96,180.4,247.8,269.1
NH,1972,296.2,10.006,83.4,0.169,34.96,180.4,247.8,269.1
NH,1973,279,10.006,83.4,0.169,34.96,180.4,247.8,269.1
NH,1974,269.8,10.006,83.4,0.169,34.96,180.4,247.8,269.1
NH,1975,269.1,10.006,83.4,0.169,34.96,180.4,247.8,269.1
NH,1976,290.5,10.006,83.4,0.169,34.96,180.4,247.8,269.1
NH,1977,278.8,10.006,83.4,0.169,34.96,180.4,247.8,269.1
NH,1978,269.6,10.006,83.4,0.169,34.96,180.4,247.8,269.1
NH,1979,254.6,10.006,83.4,0.169,34.96,180.4,247.8,269.1
NH,1980,247.8,10.006,83.4,0.169,34.96,180.4,247.8,269.1
NH,1981,245.4,10.006,83.4,0.169,34.96,180.4,247.8,269.1
NH,1982,239.8,10.006,83.4,0.169,34.96,180.4,247.8,269.1
NH,1983,232.9,10.006,83.4,0.169,34.96,180.4,247.8,269.1
NH,1984,215.1,10.006,83.4,0.169,34.96,180.4,247.8,269.1
NH,1985,201.1,10.006,83.4,0.169,34.96,180.4,247.8,269.1
NH,1986,195.9,10.006,83.4,0.169,34.96,180.4,247.8,269.1
NH,1987,195.1,10.006,83.4,0.169,34.96,180.4,247.8,269.1
NH,1988,180.4,10.006,83.4,0.169,34.96,180.4,247.8,269.1
NH,1989,172.9,10.006,83.4,0.169,34.96,180.4,247.8,269.1
NH,1990,152.4,10.006,83.4,0.169,34.96,180.4,247.8,269.1
NH,1991,144.8,10.006,83.4,0.169,34.96,180.4,247.8,269.1
NH,1992,143.7,10.006,83.4,0.169,34.96,180.4,247.8,269.1
NH,1993,148.9,10.006,83.4,0.169,34.96,180.4,247.8,269.1
NH,1994,153.8,10.006,83.4,0.169,34.96,180.4,247.8,269.1
NH,1995,158.5,10.006,83.4,0.169,34.96,180.4,247.8,269.1
NH,1996,158,10.006,83.4,0.169,34.96,180.4,247.8,269.1
NH,1997,174.4,10.006,83.4,0.169,34.96,180.4,247.8,269.1
NH,1998,173.8,10.006,83.4,0.169,34.96,180.4,247.8,269.1
NH,1999,171.7,10.006,83.4,0.169,34.96,180.4,247.8,269.1
NH,2000,147.3,10.006,83.4,0.169,34.96,180.4,247.8,269.1
NM,1970,90,9.708,87.489,0.174,27.98,77.7,102.7,103.1
NM,1971,92.6,9.708,87.489,0.174,27.98,77.7,102.7,103.1
NM,1972,99.3,9.708,87.489,0.174,27.98,77.7,102.7,103.1
NM,1973,98.9,9.708,87.489,0.174,27.98,77.7,102.7,103.1
NM,1974,100.3,9.708,87.489,0.174,27.98,77.7,102.7,103.1
NM,1975,103.1,9.708,87.489,0.174,27.98,77.7,102.7,103.1
NM,1976,102.4,9.708,87.489,0.174,27.98,77.7,102.7,103.1
NM,1977,102.4,9.708,87.489,0.174,27.98,77.7,102.7,103.1
NM,1978,103.1,9.708,87.489,0.174,27.98,77.7,102.7,103.1
NM,1979,101,9.708,87.489,0.174,27.98,77.7,102.7,103.1
NM,1980,102.7,9.708,87.489,0.174,27.98,77.7,102.7,103.1
NM,1981,103,9.708,87.489,0.174,27.98,77.7,102.7,103.1
NM,1982,97.5,9.708,87.489,0.174,27.98,77.7,102.7,103.1
NM,1983,96.3,9.708,87.489,0.174,27.98,77.7,102.7,103.1
NM,1984,88.9,9.708,87.489,0.174,27.98,77.7,102.7,103.1
NM,1985,88,9.708,87.489,0.174,27.98,77.7,102.7,103.1
NM,1986,88.2,9.708,87.489,0.174,27.98,77.7,102.7,103.1
NM,1987,82.3,9.708,87.489,0.174,27.98,77.7,102.7,103.1
NM,1988,77.7,9.708,87.489,0.174,27.98,77.7,102.7,103.1
NM,1989,74.4,9.708,87.489,0.174,27.98,77.7,102.7,103.1
NM,1990,70.8,9.708,87.489,0.174,27.98,77.7,102.7,103.1
NM,1991,69.9,9.708,87.489,0.174,27.98,77.7,102.7,103.1
NM,1992,71.4,9.708,87.489,0.174,27.98,77.7,102.7,103.1
NM,1993,69,9.708,87.489,0.174,27.98,77.7,102.7,103.1
NM,1994,68.2,9.708,87.489,0.174,27.98,77.7,102.7,103.1
NM,1995,67,9.708,87.489,0.174,27.98,77.7,102.7,103.1
NM,1996,65.7,9.708,87.489,0.174,27.98,77.7,102.7,103.1
NM,1997,61.8,9.708,87.489,0.174,27.98,77.7,102.7,103.1
NM,1998,62.6,9.708,87.489,0.174,27.98,77.7,102.7,103.1
NM,1999,59.7,9.708,87.489,0.174,27.98,77.7,102.7,103.1
NM,2000,53.8,9.708,87.489,0.174,27.98,77.7,102.7,103.1
NV,1970,189.5,10.024,93.244,0.163,37,141.9,177.7,205.2
NV,1971,190.5,10.024,93.244,0.163,37,141.9,177.7,205.2
NV,1972,198.6,10.024,93.244,0.163,37,141.9,177.7,205.2
NV,1973,201.5,10.024,93.244,0.163,37,141.9,177.7,205.2
NV,1974,204.7,10.024,93.244,0.163,37,141.9,177.7,205.2
NV,1975,205.2,10.024,93.244,0.163,37,141.9,177.7,205.2
NV,1976,201.4,10.024,93.244,0.163,37,141.9,177.7,205.2
NV,1977,190.8,10.024,93.244,0.163,37,141.9,177.7,205.2
NV,1978,187,10.024,93.244,0.163,37,141.9,177.7,205.2
NV,1979,183.3,10.024,93.244,0.163,37,141.9,177.7,205.2
NV,1980,177.7,10.024,93.244,0.163,37,141.9,177.7,205.2
NV,1981,171.9,10.024,93.244,0.163,37,141.9,177.7,205.2
NV,1982,165.1,10.024,93.244,0.163,37,141.9,177.7,205.2
NV,1983,159.2,10.024,93.244,0.163,37,141.9,177.7,205.2
NV,1984,136.6,10.024,93.244,0.163,37,141.9,177.7,205.2
NV,1985,146.7,10.024,93.244,0.163,37,141.9,177.7,205.2
NV,1986,142.6,10.024,93.244,0.163,37,141.9,177.7,205.2
NV,1987,147.7,10.024,93.244,0.163,37,141.9,177.7,205.2
NV,1988,141.9,10.024,93.244,0.163,37,141.9,177.7,205.2
NV,1989,137.9,10.024,93.244,0.163,37,141.9,177.7,205.2
NV,1990,137.3,10.024,93.244,0.163,37,141.9,177.7,205.2
NV,1991,115.5,10.024,93.244,0.163,37,141.9,177.7,205.2
NV,1992,110,10.024,93.244,0.163,37,141.9,177.7,205.2
NV,1993,108.1,10.024,93.244,0.163,37,141.9,177.7,205.2
NV,1994,105.2,10.024,93.244,0.163,37,141.9,177.7,205.2
NV,1995,100.9,10.024,93.244,0.163,37,141.9,177.7,205.2
NV,1996,99,10.024,93.244,0.163,37,141.9,177.7,205.2
NV,1997,95.6,10.024,93.244,0.163,37,141.9,177.7,205.2
NV,1998,102.4,10.024,93.244,0.163,37,141.9,177.7,205.2
NV,1999,103.9,10.024,93.244,0.163,37,141.9,177.7,205.2
NV,2000,93.2,10.024,93.244,0.163,37,141.9,177.7,205.2
OH,1970,121.6,9.886,84.556,0.17,24.02,122.4,133.5,122.5
OH,1971,124.6,9.886,84.556,0.17,24.02,122.4,133.5,122.5
OH,1972,124.4,9.886,84.556,0.17,24.02,122.4,133.5,122.5
OH,1973,120.5,9.886,84.556,0.17,24.02,122.4,133.5,122.5
OH,1974,122.1,9.886,84.556,0.17,24.02,122.4,133.5,122.5
OH,1975,122.5,9.886,84.556,0.17,24.02,122.4,133.5,122.5
OH,1976,124.6,9.886,84.556,0.17,24.02,122.4,133.5,122.5
OH,1977,127.3,9.886,84.556,0.17,24.02,122.4,133.5,122.5
OH,1978,131.3,9.886,84.556,0.17,24.02,122.4,133.5,122.5
OH,1979,130.9,9.886,84.556,0.17,24.02,122.4,133.5,122.5
OH,1980,133.5,9.886,84.556,0.17,24.02,122.4,133.5,122.5
OH,1981,132.8,9.886,84.556,0.17,24.02,122.4,133.5,122.5
OH,1982,134,9.886,84.556,0.17,24.02,122.4,133.5,122.5
OH,1983,130,9.886,84.556,0.17,24.02,122.4,133.5,122.5
OH,1984,127.1,9.886,84.556,0.17,24.02,122.4,133.5,122.5
OH,1985,126.7,9.886,84.556,0.17,24.02,122.4,133.5,122.5
OH,1986,126.3,9.886,84.556,0.17,24.02,122.4,133.5,122.5
OH,1987,124.6,9.886,84.556,0.17,24.02,122.4,133.5,122.5
OH,1988,122.4,9.886,84.556,0.17,24.02,122.4,133.5,122.5
OH,1989,118.6,9.886,84.556,0.17,24.02,122.4,133.5,122.5
OH,1990,115.5,9.886,84.556,0.17,24.02,122.4,133.5,122.5
OH,1991,113.2,9.886,84.556,0.17,24.02,122.4,133.5,122.5
OH,1992,112.3,9.886,84.556,0.17,24.02,122.4,133.5,122.5
OH,1993,108.9,9.886,84.556,0.17,24.02,122.4,133.5,122.5
OH,1994,108.6,9.886,84.556,0.17,24.02,122.4,133.5,122.5
OH,1995,111.7,9.886,84.556,0.17,24.02,122.4,133.5,122.5
OH,1996,107.6,9.886,84.556,0.17,24.02,122.4,133.5,122.5
OH,1997,108.6,9.886,84.556,0.17,24.02,122.4,133.5,122.5
OH,1998,106.4,9.886,84.556,0.17,24.02,122.4,133.5,122.5
OH,1999,104,9.886,84.556,0.17,24.02,122.4,133.5,122.5
OH,2000,99.9,9.886,84.556,0.17,24.02,122.4,133.5,122.5
OK,1970,108.4,9.814,90.478,0.169,18.14,103.6,141.6,132.9
OK,1971,115.4,9.814,90.478,0.169,18.14,103.6,141.6,132.9
OK,1972,121.7,9.814,90.478,0.169,18.14,103.6,141.6,132.9
OK,1973,124.1,9.814,90.478,0.169,18.14,103.6,141.6,132.9
OK,1974,130.5,9.814,90.478,0.169,18.14,103.6,141.6,132.9
OK,1975,132.9,9.814,90.478,0.169,18.14,103.6,141.6,132.9
OK,1976,138.6,9.814,90.478,0.169,18.14,103.6,141.6,132.9
OK,1977,140.4,9.814,90.478,0.169,18.14,103.6,141.6,132.9
OK,1978,143.6,9.814,90.478,0.169,18.14,103.6,141.6,132.9
OK,1979,141.6,9.814,90.478,0.169,18.14,103.6,141.6,132.9
OK,1980,141.6,9.814,90.478,0.169,18.14,103.6,141.6,132.9
OK,1981,143.7,9.814,90.478,0.169,18.14,103.6,141.6,132.9
OK,1982,147,9.814,90.478,0.169,18.14,103.6,141.6,132.9
OK,1983,140,9.814,90.478,0.169,18.14,103.6,141.6,132.9
OK,1984,128.1,9.814,90.478,0.169,18.14,103.6,141.6,132.9
OK,1985,124.2,9.814,90.478,0.169,18.14,103.6,141.6,132.9
OK,1986,119.9,9.814,90.478,0.169,18.14,103.6,141.6,132.9
OK,1987,113.1,9.814,90.478,0.169,18.14,103.6,141.6,132.9
OK,1988,103.6,9.814,90.478,0.169,18.14,103.6,141.6,132.9
OK,1989,97.5,9.814,90.478,0.169,18.14,103.6,141.6,132.9
OK,1990,88.4,9.814,90.478,0.169,18.14,103.6,141.6,132.9
OK,1991,87.8,9.814,90.478,0.169,18.14,103.6,141.6,132.9
OK,1992,86.3,9.814,90.478,0.169,18.14,103.6,141.6,132.9
OK,1993,86.2,9.814,90.478,0.169,18.14,103.6,141.6,132.9
OK,1994,104.8,9.814,90.478,0.169,18.14,103.6,141.6,132.9
OK,1995,109.5,9.814,90.478,0.169,18.14,103.6,141.6,132.9
OK,1996,110.8,9.814,90.478,0.169,18.14,103.6,141.6,132.9
OK,1997,111.8,9.814,90.478,0.169,18.14,103.6,141.6,132.9
OK,1998,112.2,9.814,90.478,0.169,18.14,103.6,141.6,132.9
OK,1999,111.4,9.814,90.478,0.169,18.14,103.6,141.6,132.9
OK,2000,108.9,9.814,90.478,0.169,18.14,103.6,141.6,132.9
PA,1970,107.3,9.927,89.178,0.164,25.08,107.6,124,114.6
PA,1971,106.3,9.927,89.178,0.164,25.08,107.6,124,114.6
PA,1972,109,9.927,89.178,0.164,25.08,107.6,124,114.6
PA,1973,110.7,9.927,89.178,0.164,25.08,107.6,124,114.6
PA,1974,114.2,9.927,89.178,0.164,25.08,107.6,124,114.6
PA,1975,114.6,9.927,89.178,0.164,25.08,107.6,124,114.6
PA,1976,118.8,9.927,89.178,0.164,25.08,107.6,124,114.6
PA,1977,120.1,9.927,89.178,0.164,25.08,107.6,124,114.6
PA,1978,122.3,9.927,89.178,0.164,25.08,107.6,124,114.6
PA,1979,122.6,9.927,89.178,0.164,25.08,107.6,124,114.6
PA,1980,124,9.927,89.178,0.164,25.08,107.6,124,114.6
PA,1981,125.2,9.927,89.178,0.164,25.08,107.6,124,114.6
PA,1982,123.3,9.927,89.178,0.164,25.08,107.6,124,114.6
PA,1983,125.3,9.927,89.178,0.164,25.08,107.6,124,114.6
PA,1984,115.3,9.927,89.178,0.164,25.08,107.6,124,114.6
PA,1985,115.8,9.927,89.178,0.164,25.08,107.6,124,114.6
PA,1986,113.9,9.927,89.178,0.164,25.08,107.6,124,114.6
PA,1987,110.6,9.927,89.178,0.164,25.08,107.6,124,114.6
PA,1988,107.6,9.927,89.178,0.164,25.08,107.6,124,114.6
PA,1989,107.1,9.927,89.178,0.164,25.08,107.6,124,114.6
PA,1990,101.3,9.927,89.178,0.164,25.08,107.6,124,114.6
PA,1991,102.5,9.927,89.178,0.164,25.08,107.6,124,114.6
PA,1992,96.2,9.927,89.178,0.164,25.08,107.6,124,114.6
PA,1993,94.7,9.927,89.178,0.164,25.08,107.6,124,114.6
PA,1994,95.4,9.927,89.178,0.164,25.08,107.6,124,114.6
PA,1995,95.4,9.927,89.178,0.164,25.08,107.6,124,114.6
PA,1996,93.3,9.927,89.178,0.164,25.08,107.6,124,114.6
PA,1997,92.9,9.927,89.178,0.164,25.08,107.6,124,114.6
PA,1998,92.1,9.927,89.178,0.164,25.08,107.6,124,114.6
PA,1999,91.1,9.927,89.178,0.164,25.08,107.6,124,114.6
PA,2000,87.9,9.927,89.178,0.164,25.08,107.6,124,114.6
RI,1970,123.9,9.931,90.222,0.175,25.54,138,149.3,154.7
RI,1971,123.2,9.931,90.222,0.175,25.54,138,149.3,154.7
RI,1972,134.4,9.931,90.222,0.175,25.54,138,149.3,154.7
RI,1973,142,9.931,90.222,0.175,25.54,138,149.3,154.7
RI,1974,146.1,9.931,90.222,0.175,25.54,138,149.3,154.7
RI,1975,154.7,9.931,90.222,0.175,25.54,138,149.3,154.7
RI,1976,150.2,9.931,90.222,0.175,25.54,138,149.3,154.7
RI,1977,148.8,9.931,90.222,0.175,25.54,138,149.3,154.7
RI,1978,146.8,9.931,90.222,0.175,25.54,138,149.3,154.7
RI,1979,145.8,9.931,90.222,0.175,25.54,138,149.3,154.7
RI,1980,149.3,9.931,90.222,0.175,25.54,138,149.3,154.7
RI,1981,151.2,9.931,90.222,0.175,25.54,138,149.3,154.7
RI,1982,146.3,9.931,90.222,0.175,25.54,138,149.3,154.7
RI,1983,135.8,9.931,90.222,0.175,25.54,138,149.3,154.7
RI,1984,136.9,9.931,90.222,0.175,25.54,138,149.3,154.7
RI,1985,133.4,9.931,90.222,0.175,25.54,138,149.3,154.7
RI,1986,136.3,9.931,90.222,0.175,25.54,138,149.3,154.7
RI,1987,124.4,9.931,90.222,0.175,25.54,138,149.3,154.7
RI,1988,138,9.931,90.222,0.175,25.54,138,149.3,154.7
RI,1989,120.8,9.931,90.222,0.175,25.54,138,149.3,154.7
RI,1990,101.4,9.931,90.222,0.175,25.54,138,149.3,154.7
RI,1991,103.6,9.931,90.222,0.175,25.54,138,149.3,154.7
RI,1992,100.1,9.931,90.222,0.175,25.54,138,149.3,154.7
RI,1993,94.1,9.931,90.222,0.175,25.54,138,149.3,154.7
RI,1994,91.9,9.931,90.222,0.175,25.54,138,149.3,154.7
RI,1995,90.8,9.931,90.222,0.175,25.54,138,149.3,154.7
RI,1996,87.5,9.931,90.222,0.175,25.54,138,149.3,154.7
RI,1997,90,9.931,90.222,0.175,25.54,138,149.3,154.7
RI,1998,88.7,9.931,90.222,0.175,25.54,138,149.3,154.7
RI,1999,86.9,9.931,90.222,0.175,25.54,138,149.3,154.7
RI,2000,83.1,9.931,90.222,0.175,25.54,138,149.3,154.7
SC,1970,103.6,9.673,76.611,0.184,22.9,124.4,138.3,130.5
SC,1971,115,9.673,76.611,0.184,22.9,124.4,138.3,130.5
SC,1972,118.7,9.673,76.611,0.184,22.9,124.4,138.3,130.5
SC,1973,125.5,9.673,76.611,0.184,22.9,124.4,138.3,130.5
SC,1974,129.7,9.673,76.611,0.184,22.9,124.4,138.3,130.5
SC,1975,130.5,9.673,76.611,0.184,22.9,124.4,138.3,130.5
SC,1976,136.8,9.673,76.611,0.184,22.9,124.4,138.3,130.5
SC,1977,137.2,9.673,76.611,0.184,22.9,124.4,138.3,130.5
SC,1978,140.4,9.673,76.611,0.184,22.9,124.4,138.3,130.5
SC,1979,135.7,9.673,76.611,0.184,22.9,124.4,138.3,130.5
SC,1980,138.3,9.673,76.611,0.184,22.9,124.4,138.3,130.5
SC,1981,136.1,9.673,76.611,0.184,22.9,124.4,138.3,130.5
SC,1982,136,9.673,76.611,0.184,22.9,124.4,138.3,130.5
SC,1983,131.1,9.673,76.611,0.184,22.9,124.4,138.3,130.5
SC,1984,127,9.673,76.611,0.184,22.9,124.4,138.3,130.5
SC,1985,125.4,9.673,76.611,0.184,22.9,124.4,138.3,130.5
SC,1986,126.6,9.673,76.611,0.184,22.9,124.4,138.3,130.5
SC,1987,126.6,9.673,76.611,0.184,22.9,124.4,138.3,130.5
SC,1988,124.4,9.673,76.611,0.184,22.9,124.4,138.3,130.5
SC,1989,122.4,9.673,76.611,0.184,22.9,124.4,138.3,130.5
SC,1990,118.6,9.673,76.611,0.184,22.9,124.4,138.3,130.5
SC,1991,121.5,9.673,76.611,0.184,22.9,124.4,138.3,130.5
SC,1992,112.8,9.673,76.611,0.184,22.9,124.4,138.3,130.5
SC,1993,115.2,9.673,76.611,0.184,22.9,124.4,138.3,130.5
SC,1994,112.2,9.673,76.611,0.184,22.9,124.4,138.3,130.5
SC,1995,109.2,9.673,76.611,0.184,22.9,124.4,138.3,130.5
SC,1996,102.9,9.673,76.611,0.184,22.9,124.4,138.3,130.5
SC,1997,124.5,9.673,76.611,0.184,22.9,124.4,138.3,130.5
SC,1998,126.9,9.673,76.611,0.184,22.9,124.4,138.3,130.5
SC,1999,109.4,9.673,76.611,0.184,22.9,124.4,138.3,130.5
SC,2000,103.9,9.673,76.611,0.184,22.9,124.4,138.3,130.5
SD,1970,92.7,9.703,88.544,0.174,21.26,91.9,114.7,113.5
SD,1971,96.7,9.703,88.544,0.174,21.26,91.9,114.7,113.5
SD,1972,103,9.703,88.544,0.174,21.26,91.9,114.7,113.5
SD,1973,103.5,9.703,88.544,0.174,21.26,91.9,114.7,113.5
SD,1974,108.4,9.703,88.544,0.174,21.26,91.9,114.7,113.5
SD,1975,113.5,9.703,88.544,0.174,21.26,91.9,114.7,113.5
SD,1976,116.7,9.703,88.544,0.174,21.26,91.9,114.7,113.5
SD,1977,115.6,9.703,88.544,0.174,21.26,91.9,114.7,113.5
SD,1978,116.9,9.703,88.544,0.174,21.26,91.9,114.7,113.5
SD,1979,117.4,9.703,88.544,0.174,21.26,91.9,114.7,113.5
SD,1980,114.7,9.703,88.544,0.174,21.26,91.9,114.7,113.5
SD,1981,115.7,9.703,88.544,0.174,21.26,91.9,114.7,113.5
SD,1982,113,9.703,88.544,0.174,21.26,91.9,114.7,113.5
SD,1983,109.8,9.703,88.544,0.174,21.26,91.9,114.7,113.5
SD,1984,105.7,9.703,88.544,0.174,21.26,91.9,114.7,113.5
SD,1985,104.4,9.703,88.544,0.174,21.26,91.9,114.7,113.5
SD,1986,97,9.703,88.544,0.174,21.26,91.9,114.7,113.5
SD,1987,95.8,9.703,88.544,0.174,21.26,91.9,114.7,113.5
SD,1988,91.9,9.703,88.544,0.174,21.26,91.9,114.7,113.5
SD,1989,87.4,9.703,88.544,0.174,21.26,91.9,114.7,113.5
SD,1990,88.3,9.703,88.544,0.174,21.26,91.9,114.7,113.5
SD,1991,91.8,9.703,88.544,0.174,21.26,91.9,114.7,113.5
SD,1992,93,9.703,88.544,0.174,21.26,91.9,114.7,113.5
SD,1993,91.6,9.703,88.544,0.174,21.26,91.9,114.7,113.5
SD,1994,94.8,9.703,88.544,0.174,21.26,91.9,114.7,113.5
SD,1995,98.6,9.703,88.544,0.174,21.26,91.9,114.7,113.5
SD,1996,92.3,9.703,88.544,0.174,21.26,91.9,114.7,113.5
SD,1997,88.8,9.703,88.544,0.174,21.26,91.9,114.7,113.5
SD,1998,88.3,9.703,88.544,0.174,21.26,91.9,114.7,113.5
SD,1999,83.5,9.703,88.544,0.174,21.26,91.9,114.7,113.5
SD,2000,75.1,9.703,88.544,0.174,21.26,91.9,114.7,113.5
TN,1970,99.8,9.737,85.178,0.171,20.58,125.3,130.4,117.4
TN,1971,106.3,9.737,85.178,0.171,20.58,125.3,130.4,117.4
TN,1972,111.5,9.737,85.178,0.171,20.58,125.3,130.4,117.4
TN,1973,109.7,9.737,85.178,0.171,20.58,125.3,130.4,117.4
TN,1974,114.8,9.737,85.178,0.171,20.58,125.3,130.4,117.4
TN,1975,117.4,9.737,85.178,0.171,20.58,125.3,130.4,117.4
TN,1976,121.7,9.737,85.178,0.171,20.58,125.3,130.4,117.4
TN,1977,124.6,9.737,85.178,0.171,20.58,125.3,130.4,117.4
TN,1978,127.3,9.737,85.178,0.171,20.58,125.3,130.4,117.4
TN,1979,127.2,9.737,85.178,0.171,20.58,125.3,130.4,117.4
TN,1980,130.4,9.737,85.178,0.171,20.58,125.3,130.4,117.4
TN,1981,129.1,9.737,85.178,0.171,20.58,125.3,130.4,117.4
TN,1982,131.4,9.737,85.178,0.171,20.58,125.3,130.4,117.4
TN,1983,129,9.737,85.178,0.171,20.58,125.3,130.4,117.4
TN,1984,125.1,9.737,85.178,0.171,20.58,125.3,130.4,117.4
TN,1985,128.7,9.737,85.178,0.171,20.58,125.3,130.4,117.4
TN,1986,129,9.737,85.178,0.171,20.58,125.3,130.4,117.4
TN,1987,130.6,9.737,85.178,0.171,20.58,125.3,130.4,117.4
TN,1988,125.3,9.737,85.178,0.171,20.58,125.3,130.4,117.4
TN,1989,124.7,9.737,85.178,0.171,20.58,125.3,130.4,117.4
TN,1990,121.8,9.737,85.178,0.171,20.58,125.3,130.4,117.4
TN,1991,120.6,9.737,85.178,0.171,20.58,125.3,130.4,117.4
TN,1992,121,9.737,85.178,0.171,20.58,125.3,130.4,117.4
TN,1993,120.8,9.737,85.178,0.171,20.58,125.3,130.4,117.4
TN,1994,118.8,9.737,85.178,0.171,20.58,125.3,130.4,117.4
TN,1995,125.4,9.737,85.178,0.171,20.58,125.3,130.4,117.4
TN,1996,119.2,9.737,85.178,0.171,20.58,125.3,130.4,117.4
TN,1997,118.9,9.737,85.178,0.171,20.58,125.3,130.4,117.4
TN,1998,119.7,9.737,85.178,0.171,20.58,125.3,130.4,117.4
TN,1999,115.6,9.737,85.178,0.171,20.58,125.3,130.4,117.4
TN,2000,108.7,9.737,85.178,0.171,20.58,125.3,130.4,117.4
TX,1970,106.4,9.896,92.478,0.178,28.58,96.5,129.7,116
TX,1971,108.9,9.896,92.478,0.178,28.58,96.5,129.7,116
TX,1972,108.6,9.896,92.478,0.178,28.58,96.5,129.7,116
TX,1973,110.4,9.896,92.478,0.178,28.58,96.5,129.7,116
TX,1974,114.7,9.896,92.478,0.178,28.58,96.5,129.7,116
TX,1975,116,9.896,92.478,0.178,28.58,96.5,129.7,116
TX,1976,121.4,9.896,92.478,0.178,28.58,96.5,129.7,116
TX,1977,124.2,9.896,92.478,0.178,28.58,96.5,129.7,116
TX,1978,126.6,9.896,92.478,0.178,28.58,96.5,129.7,116
TX,1979,126.4,9.896,92.478,0.178,28.58,96.5,129.7,116
TX,1980,129.7,9.896,92.478,0.178,28.58,96.5,129.7,116
TX,1981,129,9.896,92.478,0.178,28.58,96.5,129.7,116
TX,1982,131.2,9.896,92.478,0.178,28.58,96.5,129.7,116
TX,1983,126.4,9.896,92.478,0.178,28.58,96.5,129.7,116
TX,1984,117.2,9.896,92.478,0.178,28.58,96.5,129.7,116
TX,1985,115.9,9.896,92.478,0.178,28.58,96.5,129.7,116
TX,1986,113.7,9.896,92.478,0.178,28.58,96.5,129.7,116
TX,1987,105.8,9.896,92.478,0.178,28.58,96.5,129.7,116
TX,1988,96.5,9.896,92.478,0.178,28.58,96.5,129.7,116
TX,1989,94.5,9.896,92.478,0.178,28.58,96.5,129.7,116
TX,1990,85.6,9.896,92.478,0.178,28.58,96.5,129.7,116
TX,1991,79.4,9.896,92.478,0.178,28.58,96.5,129.7,116
TX,1992,77.2,9.896,92.478,0.178,28.58,96.5,129.7,116
TX,1993,81.3,9.896,92.478,0.178,28.58,96.5,129.7,116
TX,1994,78.8,9.896,92.478,0.178,28.58,96.5,129.7,116
TX,1995,75.2,9.896,92.478,0.178,28.58,96.5,129.7,116
TX,1996,74.6,9.896,92.478,0.178,28.58,96.5,129.7,116
TX,1997,72.6,9.896,92.478,0.178,28.58,96.5,129.7,116
TX,1998,73.2,9.896,92.478,0.178,28.58,96.5,129.7,116
TX,1999,67.6,9.896,92.478,0.178,28.58,96.5,129.7,116
TX,2000,69.3,9.896,92.478,0.178,28.58,96.5,129.7,116
UT,1970,65.5,9.679,89.433,0.188,13.34,55,74.8,75.8
UT,1971,67.7,9.679,89.433,0.188,13.34,55,74.8,75.8
UT,1972,71.3,9.679,89.433,0.188,13.34,55,74.8,75.8
UT,1973,72.7,9.679,89.433,0.188,13.34,55,74.8,75.8
UT,1974,75.6,9.679,89.433,0.188,13.34,55,74.8,75.8
UT,1975,75.8,9.679,89.433,0.188,13.34,55,74.8,75.8
UT,1976,77.9,9.679,89.433,0.188,13.34,55,74.8,75.8
UT,1977,78,9.679,89.433,0.188,13.34,55,74.8,75.8
UT,1978,79.6,9.679,89.433,0.188,13.34,55,74.8,75.8
UT,1979,79.1,9.679,89.433,0.188,13.34,55,74.8,75.8
UT,1980,74.8,9.679,89.433,0.188,13.34,55,74.8,75.8
UT,1981,77.6,9.679,89.433,0.188,13.34,55,74.8,75.8
UT,1982,73.6,9.679,89.433,0.188,13.34,55,74.8,75.8
UT,1983,69,9.679,89.433,0.188,13.34,55,74.8,75.8
UT,1984,66.3,9.679,89.433,0.188,13.34,55,74.8,75.8
UT,1985,66.5,9.679,89.433,0.188,13.34,55,74.8,75.8
UT,1986,64.4,9.679,89.433,0.188,13.34,55,74.8,75.8
UT,1987,67.7,9.679,89.433,0.188,13.34,55,74.8,75.8
UT,1988,55,9.679,89.433,0.188,13.34,55,74.8,75.8
UT,1989,57,9.679,89.433,0.188,13.34,55,74.8,75.8
UT,1990,53.4,9.679,89.433,0.188,13.34,55,74.8,75.8
UT,1991,53.5,9.679,89.433,0.188,13.34,55,74.8,75.8
UT,1992,55,9.679,89.433,0.188,13.34,55,74.8,75.8
UT,1993,56.2,9.679,89.433,0.188,13.34,55,74.8,75.8
UT,1994,55.8,9.679,89.433,0.188,13.34,55,74.8,75.8
UT,1995,52,9.679,89.433,0.188,13.34,55,74.8,75.8
UT,1996,54,9.679,89.433,0.188,13.34,55,74.8,75.8
UT,1997,57,9.679,89.433,0.188,13.34,55,74.8,75.8
UT,1998,42.3,9.679,89.433,0.188,13.34,55,74.8,75.8
UT,1999,43.9,9.679,89.433,0.188,13.34,55,74.8,75.8
UT,2000,40.7,9.679,89.433,0.188,13.34,55,74.8,75.8
VA,1970,124.3,9.957,74.789,0.177,23,129.5,148.9,152.7
VA,1971,128.4,9.957,74.789,0.177,23,129.5,148.9,152.7
VA,1972,137,9.957,74.789,0.177,23,129.5,148.9,152.7
VA,1973,143.1,9.957,74.789,0.177,23,129.5,148.9,152.7
VA,1974,149.6,9.957,74.789,0.177,23,129.5,148.9,152.7
VA,1975,152.7,9.957,74.789,0.177,23,129.5,148.9,152.7
VA,1976,158.1,9.957,74.789,0.177,23,129.5,148.9,152.7
VA,1977,157.7,9.957,74.789,0.177,23,129.5,148.9,152.7
VA,1978,155.9,9.957,74.789,0.177,23,129.5,148.9,152.7
VA,1979,151.8,9.957,74.789,0.177,23,129.5,148.9,152.7
VA,1980,148.9,9.957,74.789,0.177,23,129.5,148.9,152.7
VA,1981,149.9,9.957,74.789,0.177,23,129.5,148.9,152.7
VA,1982,147.4,9.957,74.789,0.177,23,129.5,148.9,152.7
VA,1983,144.7,9.957,74.789,0.177,23,129.5,148.9,152.7
VA,1984,136.8,9.957,74.789,0.177,23,129.5,148.9,152.7
VA,1985,134.6,9.957,74.789,0.177,23,129.5,148.9,152.7
VA,1986,135.8,9.957,74.789,0.177,23,129.5,148.9,152.7
VA,1987,133,9.957,74.789,0.177,23,129.5,148.9,152.7
VA,1988,129.5,9.957,74.789,0.177,23,129.5,148.9,152.7
VA,1989,122.5,9.957,74.789,0.177,23,129.5,148.9,152.7
VA,1990,118.9,9.957,74.789,0.177,23,129.5,148.9,152.7
VA,1991,109.1,9.957,74.789,0.177,23,129.5,148.9,152.7
VA,1992,108.2,9.957,74.789,0.177,23,129.5,148.9,152.7
VA,1993,105.4,9.957,74.789,0.177,23,129.5,148.9,152.7
VA,1994,106.2,9.957,74.789,0.177,23,129.5,148.9,152.7
VA,1995,106.7,9.957,74.789,0.177,23,129.5,148.9,152.7
VA,1996,104.6,9.957,74.789,0.177,23,129.5,148.9,152.7
VA,1997,108,9.957,74.789,0.177,23,129.5,148.9,152.7
VA,1998,105.6,9.957,74.789,0.177,23,129.5,148.9,152.7
VA,1999,102.1,9.957,74.789,0.177,23,129.5,148.9,152.7
VA,2000,96.7,9.957,74.789,0.177,23,129.5,148.9,152.7
VT,1970,122.6,9.821,88.022,0.177,27.06,128.7,161.6,155.5
VT,1971,124.4,9.821,88.022,0.177,27.06,128.7,161.6,155.5
VT,1972,138,9.821,88.022,0.177,27.06,128.7,161.6,155.5
VT,1973,146.8,9.821,88.022,0.177,27.06,128.7,161.6,155.5
VT,1974,151.8,9.821,88.022,0.177,27.06,128.7,161.6,155.5
VT,1975,155.5,9.821,88.022,0.177,27.06,128.7,161.6,155.5
VT,1976,171.1,9.821,88.022,0.177,27.06,128.7,161.6,155.5
VT,1977,169.4,9.821,88.022,0.177,27.06,128.7,161.6,155.5
VT,1978,162.4,9.821,88.022,0.177,27.06,128.7,161.6,155.5
VT,1979,160.9,9.821,88.022,0.177,27.06,128.7,161.6,155.5
VT,1980,161.6,9.821,88.022,0.177,27.06,128.7,161.6,155.5
VT,1981,163.8,9.821,88.022,0.177,27.06,128.7,161.6,155.5
VT,1982,162.3,9.821,88.022,0.177,27.06,128.7,161.6,155.5
VT,1983,153.8,9.821,88.022,0.177,27.06,128.7,161.6,155.5
VT,1984,144.3,9.821,88.022,0.177,27.06,128.7,161.6,155.5
VT,1985,144.5,9.821,88.022,0.177,27.06,128.7,161.6,155.5
VT,1986,131.2,9.821,88.022,0.177,27.06,128.7,161.6,155.5
VT,1987,128.3,9.821,88.022,0.177,27.06,128.7,161.6,155.5
VT,1988,128.7,9.821,88.022,0.177,27.06,128.7,161.6,155.5
VT,1989,120.9,9.821,88.022,0.177,27.06,128.7,161.6,155.5
VT,1990,124.3,9.821,88.022,0.177,27.06,128.7,161.6,155.5
VT,1991,120.9,9.821,88.022,0.177,27.06,128.7,161.6,155.5
VT,1992,126.5,9.821,88.022,0.177,27.06,128.7,161.6,155.5
VT,1993,117.2,9.821,88.022,0.177,27.06,128.7,161.6,155.5
VT,1994,120.3,9.821,88.022,0.177,27.06,128.7,161.6,155.5
VT,1995,123.2,9.821,88.022,0.177,27.06,128.7,161.6,155.5
VT,1996,102.5,9.821,88.022,0.177,27.06,128.7,161.6,155.5
VT,1997,97.7,9.821,88.022,0.177,27.06,128.7,161.6,155.5
VT,1998,97,9.821,88.022,0.177,27.06,128.7,161.6,155.5
VT,1999,94.1,9.821,88.022,0.177,27.06,128.7,161.6,155.5
VT,2000,88.9,9.821,88.022,0.177,27.06,128.7,161.6,155.5
WI,1970,106.4,9.883,95.156,0.175,32.04,102.6,117.6,113.5
WI,1971,105.4,9.883,95.156,0.175,32.04,102.6,117.6,113.5
WI,1972,108.8,9.883,95.156,0.175,32.04,102.6,117.6,113.5
WI,1973,109.5,9.883,95.156,0.175,32.04,102.6,117.6,113.5
WI,1974,111.8,9.883,95.156,0.175,32.04,102.6,117.6,113.5
WI,1975,113.5,9.883,95.156,0.175,32.04,102.6,117.6,113.5
WI,1976,115.4,9.883,95.156,0.175,32.04,102.6,117.6,113.5
WI,1977,117.2,9.883,95.156,0.175,32.04,102.6,117.6,113.5
WI,1978,116.7,9.883,95.156,0.175,32.04,102.6,117.6,113.5
WI,1979,117.1,9.883,95.156,0.175,32.04,102.6,117.6,113.5
WI,1980,117.6,9.883,95.156,0.175,32.04,102.6,117.6,113.5
WI,1981,119.9,9.883,95.156,0.175,32.04,102.6,117.6,113.5
WI,1982,115.6,9.883,95.156,0.175,32.04,102.6,117.6,113.5
WI,1983,106.3,9.883,95.156,0.175,32.04,102.6,117.6,113.5
WI,1984,105.6,9.883,95.156,0.175,32.04,102.6,117.6,113.5
WI,1985,107,9.883,95.156,0.175,32.04,102.6,117.6,113.5
WI,1986,105.4,9.883,95.156,0.175,32.04,102.6,117.6,113.5
WI,1987,106,9.883,95.156,0.175,32.04,102.6,117.6,113.5
WI,1988,102.6,9.883,95.156,0.175,32.04,102.6,117.6,113.5
WI,1989,100.3,9.883,95.156,0.175,32.04,102.6,117.6,113.5
WI,1990,94,9.883,95.156,0.175,32.04,102.6,117.6,113.5
WI,1991,95.5,9.883,95.156,0.175,32.04,102.6,117.6,113.5
WI,1992,96.2,9.883,95.156,0.175,32.04,102.6,117.6,113.5
WI,1993,91.2,9.883,95.156,0.175,32.04,102.6,117.6,113.5
WI,1994,91.8,9.883,95.156,0.175,32.04,102.6,117.6,113.5
WI,1995,93.5,9.883,95.156,0.175,32.04,102.6,117.6,113.5
WI,1996,92.1,9.883,95.156,0.175,32.04,102.6,117.6,113.5
WI,1997,91.9,9.883,95.156,0.175,32.04,102.6,117.6,113.5
WI,1998,88.7,9.883,95.156,0.175,32.04,102.6,117.6,113.5
WI,1999,84.4,9.883,95.156,0.175,32.04,102.6,117.6,113.5
WI,2000,80.1,9.883,95.156,0.175,32.04,102.6,117.6,113.5
WV,1970,114.5,9.655,92.589,0.165,19.8,109.1,122.3,123.2
WV,1971,111.5,9.655,92.589,0.165,19.8,109.1,122.3,123.2
WV,1972,117.5,9.655,92.589,0.165,19.8,109.1,122.3,123.2
WV,1973,116.6,9.655,92.589,0.165,19.8,109.1,122.3,123.2
WV,1974,119.9,9.655,92.589,0.165,19.8,109.1,122.3,123.2
WV,1975,123.2,9.655,92.589,0.165,19.8,109.1,122.3,123.2
WV,1976,129.7,9.655,92.589,0.165,19.8,109.1,122.3,123.2
WV,1977,133.9,9.655,92.589,0.165,19.8,109.1,122.3,123.2
WV,1978,131.6,9.655,92.589,0.165,19.8,109.1,122.3,123.2
WV,1979,122.1,9.655,92.589,0.165,19.8,109.1,122.3,123.2
WV,1980,122.3,9.655,92.589,0.165,19.8,109.1,122.3,123.2
WV,1981,120.5,9.655,92.589,0.165,19.8,109.1,122.3,123.2
WV,1982,119.8,9.655,92.589,0.165,19.8,109.1,122.3,123.2
WV,1983,115.7,9.655,92.589,0.165,19.8,109.1,122.3,123.2
WV,1984,111.9,9.655,92.589,0.165,19.8,109.1,122.3,123.2
WV,1985,109.1,9.655,92.589,0.165,19.8,109.1,122.3,123.2
WV,1986,112.1,9.655,92.589,0.165,19.8,109.1,122.3,123.2
WV,1987,107.5,9.655,92.589,0.165,19.8,109.1,122.3,123.2
WV,1988,109.1,9.655,92.589,0.165,19.8,109.1,122.3,123.2
WV,1989,104,9.655,92.589,0.165,19.8,109.1,122.3,123.2
WV,1990,104.1,9.655,92.589,0.165,19.8,109.1,122.3,123.2
WV,1991,100.1,9.655,92.589,0.165,19.8,109.1,122.3,123.2
WV,1992,97.9,9.655,92.589,0.165,19.8,109.1,122.3,123.2
WV,1993,111,9.655,92.589,0.165,19.8,109.1,122.3,123.2
WV,1994,104.2,9.655,92.589,0.165,19.8,109.1,122.3,123.2
WV,1995,115.2,9.655,92.589,0.165,19.8,109.1,122.3,123.2
WV,1996,112.7,9.655,92.589,0.165,19.8,109.1,122.3,123.2
WV,1997,114.5,9.655,92.589,0.165,19.8,109.1,122.3,123.2
WV,1998,114.6,9.655,92.589,0.165,19.8,109.1,122.3,123.2
WV,1999,112.4,9.655,92.589,0.165,19.8,109.1,122.3,123.2
WV,2000,107.9,9.655,92.589,0.165,19.8,109.1,122.3,123.2
WY,1970,132.2,9.914,81,0.174,24.98,114.3,158.1,160.7
WY,1971,131.7,9.914,81,0.174,24.98,114.3,158.1,160.7
WY,1972,140,9.914,81,0.174,24.98,114.3,158.1,160.7
WY,1973,141.2,9.914,81,0.174,24.98,114.3,158.1,160.7
WY,1974,145.8,9.914,81,0.174,24.98,114.3,158.1,160.7
WY,1975,160.7,9.914,81,0.174,24.98,114.3,158.1,160.7
WY,1976,161.5,9.914,81,0.174,24.98,114.3,158.1,160.7
WY,1977,160.4,9.914,81,0.174,24.98,114.3,158.1,160.7
WY,1978,160.3,9.914,81,0.174,24.98,114.3,158.1,160.7
WY,1979,168.6,9.914,81,0.174,24.98,114.3,158.1,160.7
WY,1980,158.1,9.914,81,0.174,24.98,114.3,158.1,160.7
WY,1981,163.1,9.914,81,0.174,24.98,114.3,158.1,160.7
WY,1982,157.7,9.914,81,0.174,24.98,114.3,158.1,160.7
WY,1983,141.2,9.914,81,0.174,24.98,114.3,158.1,160.7
WY,1984,128.9,9.914,81,0.174,24.98,114.3,158.1,160.7
WY,1985,125.7,9.914,81,0.174,24.98,114.3,158.1,160.7
WY,1986,124.8,9.914,81,0.174,24.98,114.3,158.1,160.7
WY,1987,110.4,9.914,81,0.174,24.98,114.3,158.1,160.7
WY,1988,114.3,9.914,81,0.174,24.98,114.3,158.1,160.7
WY,1989,111.4,9.914,81,0.174,24.98,114.3,158.1,160.7
WY,1990,96.9,9.914,81,0.174,24.98,114.3,158.1,160.7
WY,1991,109.1,9.914,81,0.174,24.98,114.3,158.1,160.7
WY,1992,110.8,9.914,81,0.174,24.98,114.3,158.1,160.7
WY,1993,108.4,9.914,81,0.174,24.98,114.3,158.1,160.7
WY,1994,111.2,9.914,81,0.174,24.98,114.3,158.1,160.7
WY,1995,115,9.914,81,0.174,24.98,114.3,158.1,160.7
WY,1996,110.3,9.914,81,0.174,24.98,114.3,158.1,160.7
WY,1997,108.8,9.914,81,0.174,24.98,114.3,158.1,160.7
WY,1998,102.9,9.914,81,0.174,24.98,114.3,158.1,160.7
WY,1999,104.8,9.914,81,0.174,24.98,114.3,158.1,160.7
WY,2000,90.5,9.914,81,0.174,24.98,114.3,158.1,160.7
